Height,Weight,Diameter,Length
0.135,0.677,0.42,0.53
0.15,0.7775,0.415,0.53
0.125,0.768,0.425,0.545
0.15,0.8945,0.44,0.55
0.14,0.6065,0.38,0.525
0.145,0.6845,0.405,0.535
0.1,0.4755,0.355,0.47
0.1,0.451,0.34,0.44
0.155,0.9395,0.44,0.565
0.135,0.7635,0.415,0.55
0.165,1.1615,0.48,0.615
0.14,0.9285,0.44,0.56
0.185,0.9955,0.45,0.58
0.165,1.639,0.56,0.68
0.175,1.798,0.55,0.68
0.2,1.7095,0.55,0.705
0.155,1.217,0.475,0.54
0.105,0.5225,0.355,0.45
0.135,0.883,0.445,0.575
0.105,0.425,0.335,0.45
0.135,0.8515,0.425,0.55
0.12,0.4605,0.375,0.46
0.16,0.8355,0.425,0.525
0.12,0.4775,0.36,0.47
0.14,0.6615,0.4,0.5
0.125,0.583,0.4,0.505
0.13,0.6965,0.41,0.53
0.16,0.915,0.44,0.565
0.185,1.285,0.495,0.595
0.12,0.5305,0.39,0.475
0.11,0.353,0.32,0.4
0.17,1.247,0.475,0.595
0.195,1.098,0.45,0.605
0.15,1.0075,0.475,0.6
0.15,0.922,0.47,0.6
0.14,0.788,0.425,0.555
0.17,1.1025,0.475,0.615
0.14,0.941,0.445,0.575
0.165,0.9885,0.425,0.52
0.18,1.295,0.465,0.57
0.13,0.517,0.355,0.46
0.16,0.9775,0.45,0.575
0.165,1.262,0.495,0.625
0.125,0.5785,0.375,0.475
0.155,0.727,0.41,0.52
0.165,0.802,0.43,0.545
0.125,0.6675,0.4,0.5
0.135,0.6335,0.39,0.51
0.105,0.3635,0.395,0.435
0.125,0.6935,0.41,0.545
0.115,0.5915,0.415,0.53
0.135,0.6125,0.375,0.49
0.15,0.8825,0.43,0.56
0.105,0.4205,0.365,0.47
0.14,0.766,0.425,0.515
0.125,0.4035,0.35,0.44
0.09,0.1915,0.26,0.325
0.115,0.406,0.33,0.425
0.08,0.156,0.23,0.305
0.11,0.3555,0.325,0.405
0.155,0.826,0.445,0.565
0.145,0.741,0.45,0.55
0.125,0.549,0.38,0.49
0.185,1.1185,0.5,0.605
0.19,1.3715,0.515,0.635
0.16,1.0565,0.485,0.605
0.135,0.9885,0.45,0.565
0.19,0.994,0.46,0.575
0.17,0.9075,0.455,0.58
0.165,1.124,0.46,0.575
0.16,1.222,0.485,0.605
0.21,2.141,0.56,0.725
0.23,1.752,0.545,0.65
0.175,2.124,0.575,0.725
0.205,1.842,0.57,0.68
0.175,1.6185,0.515,0.68
0.145,0.775,0.395,0.53
0.115,0.776,0.405,0.52
0.16,1.0235,0.45,0.56
0.175,1.0165,0.475,0.62
0.2,1.5675,0.51,0.645
0.15,1.0525,0.48,0.63
0.185,1.383,0.5,0.63
0.16,1.199,0.48,0.63
0.17,0.9325,0.46,0.585
0.14,0.8145,0.4,0.51
0.15,0.644,0.41,0.505
0.12,0.4165,0.345,0.45
0.145,0.63,0.4,0.5
0.17,0.8155,0.435,0.53
0.14,0.482,0.34,0.44
0.17,0.8325,0.415,0.525
0.145,0.6345,0.365,0.49
0.105,0.38,0.325,0.415
0.16,0.66,0.395,0.485
0.13,0.32,0.305,0.415
0.125,0.455,0.325,0.445
0.145,0.5175,0.35,0.47
0.15,0.5755,0.375,0.49
0.15,0.485,0.355,0.445
0.135,0.45,0.37,0.5
0.125,0.3055,0.29,0.39
0.165,1.1015,0.465,0.58
0.16,0.783,0.415,0.53
0.155,1.0605,0.455,0.595
0.185,1.094,0.46,0.575
0.17,1.415,0.505,0.635
0.16,1.1015,0.475,0.59
0.155,0.928,0.475,0.54
0.125,0.865,0.44,0.57
0.13,0.639,0.38,0.46
0.125,0.4995,0.36,0.45
0.215,1.779,0.525,0.64
0.185,1.3485,0.53,0.66
0.135,0.712,0.425,0.515
0.185,0.8415,0.415,0.535
0.12,0.4495,0.355,0.455
0.17,0.879,0.415,0.535
0.155,0.6445,0.4,0.495
0.16,0.8105,0.435,0.535
0.21,1.2765,0.505,0.565
0.175,1.013,0.455,0.565
0.095,0.3485,0.305,0.405
0.175,0.892,0.435,0.54
0.13,0.472,0.36,0.47
0.19,1.2435,0.485,0.63
0.2,1.2255,0.47,0.62
0.19,1.242,0.535,0.635
0.155,0.8365,0.455,0.58
0.12,0.3185,0.325,0.4
0.195,1.974,0.6,0.74
0.195,1.0035,0.45,0.565
0.205,1.3475,0.51,0.62
0.18,0.568,0.375,0.505
0.155,0.746,0.425,0.46
0.16,0.756,0.42,0.525
0.185,1.153,0.495,0.61
0.17,0.8685,0.45,0.585
0.19,1.8085,0.525,0.645
0.18,1.768,0.545,0.685
0.15,0.997,0.465,0.59
0.175,1.4225,0.525,0.65
0.15,1.029,0.48,0.6
0.175,1.186,0.5,0.62
0.12,1.0735,0.455,0.58
0.215,1.719,0.56,0.69
0.165,1.566,0.545,0.65
0.195,1.7605,0.565,0.66
0.2,1.787,0.58,0.68
0.17,1.31,0.575,0.7
0.195,1.7345,0.545,0.675
0.16,1.077,0.45,0.585
0.185,1.1085,0.495,0.61
0.105,0.4925,0.37,0.455
0.125,0.5615,0.375,0.47
0.14,0.7155,0.395,0.5
0.12,0.5885,0.365,0.485
0.11,0.4335,0.325,0.435
0.14,0.6935,0.415,0.515
0.15,0.8425,0.44,0.525
0.12,0.9935,0.46,0.58
0.17,1.2385,0.495,0.605
0.14,1.0325,0.47,0.62
0.17,1.3135,0.5,0.63
0.155,1.005,0.5,0.63
0.165,1.5015,0.54,0.67
0.135,0.5785,0.39,0.49
0.165,1.0915,0.485,0.61
0.125,0.943,0.455,0.56
0.17,1.0475,0.45,0.575
0.175,0.9555,0.45,0.57
0.14,0.85,0.425,0.505
0.105,0.3635,0.325,0.41
0.19,0.714,0.455,0.56
0.15,0.8205,0.455,0.565
0.16,1.41,0.535,0.675
0.195,1.4385,0.555,0.665
0.155,0.9245,0.49,0.565
0.175,1.2915,0.55,0.645
0.175,1.221,0.54,0.64
0.135,0.7085,0.41,0.525
0.17,0.9915,0.465,0.585
0.19,1.3905,0.55,0.67
0.21,1.7445,0.55,0.68
0.135,0.7835,0.44,0.53
0.12,0.646,0.405,0.515
0.12,0.627,0.405,0.52
0.16,0.7715,0.415,0.545
0.115,0.421,0.35,0.465
0.185,1.8075,0.585,0.7
0.15,0.9955,0.46,0.58
0.14,0.908,0.465,0.585
0.15,1.2415,0.515,0.625
0.165,1.0595,0.455,0.57
0.155,1.2895,0.51,0.655
0.15,0.953,0.5,0.625
0.175,1.248,0.52,0.64
0.165,1.0105,0.485,0.605
0.155,1.0385,0.525,0.615
0.18,0.854,0.44,0.58
0.225,1.1835,0.52,0.62
0.225,1.115,0.47,0.62
0.19,1.129,0.505,0.6
0.19,1.1745,0.485,0.625
0.14,0.5185,0.35,0.455
0.145,0.6725,0.38,0.49
0.07,0.08,0.195,0.275
0.09,0.203,0.25,0.345
0.09,0.1885,0.27,0.36
0.155,0.733,0.445,0.57
0.16,0.9715,0.45,0.57
0.13,0.458,0.355,0.46
0.11,0.38,0.335,0.435
0.115,0.2705,0.29,0.375
0.14,0.604,0.375,0.5
0.115,0.415,0.355,0.44
0.105,0.257,0.29,0.38
0.16,0.795,0.45,0.565
0.165,1.1905,0.5,0.66
0.17,1.326,0.53,0.66
0.105,0.364,0.34,0.44
0.115,0.452,0.35,0.475
0.15,0.7335,0.415,0.545
0.13,0.5465,0.355,0.47
0.115,0.387,0.32,0.41
0.155,1.066,0.455,0.59
0.14,0.9535,0.44,0.57
0.14,1.133,0.475,0.61
0.175,0.982,0.435,0.585
0.175,1.3675,0.48,0.63
0.175,1.233,0.49,0.625
0.19,1.4635,0.525,0.645
0.1,0.363,0.305,0.41
0.145,0.8285,0.41,0.55
0.12,0.3095,0.31,0.405
0.115,0.25,0.29,0.37
0.18,1.514,0.52,0.66
0.14,0.7135,0.43,0.55
0.195,0.981,0.445,0.56
0.11,0.286,0.315,0.385
0.1,0.265,0.3,0.39
0.17,0.4085,0.345,0.44
0.14,0.433,0.355,0.47
0.115,0.6785,0.385,0.5
0.105,0.498,0.385,0.5
0.16,0.658,0.405,0.525
0.095,0.322,0.335,0.425
0.095,0.2815,0.305,0.38
0.12,0.391,0.34,0.43
0.13,0.5735,0.4,0.51
0.16,0.9,0.45,0.59
0.125,0.447,0.36,0.475
0.11,0.2305,0.28,0.37
0.165,0.97,0.435,0.555
0.17,1.14,0.515,0.615
0.185,0.9585,0.475,0.585
0.13,0.3675,0.34,0.415
0.105,0.281,0.305,0.38
0.095,0.2245,0.295,0.395
0.15,0.605,0.38,0.485
0.145,0.5425,0.35,0.45
0.155,0.655,0.38,0.5
0.165,0.8115,0.41,0.53
0.15,0.7865,0.385,0.49
0.18,0.64,0.395,0.52
0.115,0.5945,0.375,0.5
0.165,0.8165,0.38,0.45
0.1,0.2225,0.275,0.37
0.115,0.3915,0.325,0.435
0.15,0.8045,0.4,0.535
0.125,0.927,0.405,0.535
0.115,0.3865,0.325,0.43
0.12,0.444,0.335,0.43
0.105,0.3515,0.315,0.395
0.135,0.536,0.385,0.48
0.105,0.4525,0.33,0.445
0.09,0.207,0.26,0.345
0.11,0.5005,0.36,0.49
0.105,0.525,0.375,0.48
0.12,0.6515,0.4,0.52
0.125,0.6435,0.405,0.52
0.09,0.2065,0.265,0.36
0.15,0.7365,0.42,0.535
0.14,0.8175,0.405,0.52
0.13,1.001,0.42,0.53
0.2,1.676,0.52,0.66
0.105,0.612,0.39,0.51
0.17,1.122,0.46,0.605
0.165,1.1365,0.455,0.58
0.19,1.437,0.495,0.605
0.155,0.946,0.44,0.55
0.135,0.959,0.44,0.54
0.145,1.153,0.47,0.61
0.13,1.1325,0.445,0.59
0.155,0.785,0.43,0.55
0.17,0.949,0.425,0.53
0.165,0.9805,0.455,0.53
0.145,0.537,0.36,0.47
0.13,0.5755,0.39,0.515
0.16,0.644,0.39,0.505
0.165,0.8875,0.465,0.6
0.16,0.8935,0.465,0.57
0.135,0.556,0.375,0.485
0.11,0.3665,0.345,0.425
0.125,0.759,0.4,0.48
0.13,0.4195,0.34,0.44
0.115,0.807,0.41,0.52
0.13,0.6835,0.365,0.49
0.135,0.6395,0.365,0.48
0.125,0.7555,0.41,0.495
0.14,0.805,0.42,0.54
0.135,0.9185,0.44,0.545
0.125,0.923,0.43,0.55
0.15,0.875,0.45,0.55
0.14,0.958,0.465,0.575
0.15,1.11,0.48,0.595
0.16,1.2095,0.48,0.595
0.16,1.1405,0.475,0.595
0.14,1.113,0.465,0.595
0.155,1.21,0.475,0.6
0.175,1.382,0.475,0.605
0.175,1.377,0.5,0.615
0.15,1.3435,0.52,0.615
0.16,1.3725,0.505,0.62
0.155,1.2085,0.49,0.625
0.2,1.3825,0.49,0.625
0.15,1.376,0.5,0.635
0.165,1.2945,0.485,0.635
0.165,1.486,0.51,0.64
0.16,1.309,0.585,0.67
0.17,1.8095,0.525,0.675
0.155,1.4785,0.525,0.675
0.195,1.7775,0.56,0.68
0.16,1.6675,0.54,0.685
0.22,1.834,0.56,0.695
0.11,0.4355,0.335,0.445
0.125,0.482,0.35,0.465
0.12,0.582,0.365,0.47
0.12,0.5915,0.36,0.475
0.115,0.4785,0.37,0.485
0.13,0.674,0.39,0.505
0.14,0.834,0.43,0.515
0.14,0.724,0.415,0.525
0.13,0.7585,0.425,0.53
0.15,0.8495,0.425,0.53
0.135,0.8215,0.4,0.535
0.155,0.9905,0.445,0.55
0.14,0.8105,0.43,0.55
0.16,0.967,0.455,0.56
0.13,0.6975,0.4,0.565
0.15,1.107,0.455,0.57
0.16,1.103,0.46,0.575
0.15,1.1155,0.46,0.58
0.18,1.0515,0.46,0.58
0.145,1.137,0.45,0.58
0.145,1.063,0.455,0.59
0.155,1.121,0.47,0.595
0.15,1.114,0.45,0.595
0.14,1.0045,0.46,0.595
0.15,1.1345,0.49,0.605
0.16,1.2525,0.48,0.615
0.18,1.3315,0.51,0.62
0.17,1.3525,0.48,0.625
0.175,1.1435,0.475,0.625
0.165,1.288,0.5,0.625
0.2,1.38,0.485,0.625
0.165,1.3075,0.495,0.63
0.17,1.5175,0.5,0.64
0.175,1.394,0.5,0.64
0.155,1.2205,0.5,0.645
0.165,1.4325,0.505,0.645
0.16,1.2465,0.5,0.645
0.15,1.212,0.515,0.645
0.16,1.494,0.46,0.655
0.175,1.6525,0.51,0.655
0.185,1.528,0.505,0.66
0.18,1.3695,0.475,0.66
0.225,1.587,0.57,0.675
0.195,1.8375,0.565,0.675
0.175,1.8385,0.535,0.695
0.18,1.685,0.535,0.705
0.185,1.56,0.525,0.715
0.22,2.555,0.6,0.735
0.125,0.5445,0.39,0.505
0.125,0.545,0.4,0.51
0.15,1.019,0.46,0.52
0.135,0.8145,0.415,0.55
0.15,0.84,0.43,0.55
0.155,0.6405,0.44,0.56
0.175,1.0095,0.45,0.565
0.145,0.8775,0.445,0.57
0.145,0.9945,0.46,0.575
0.16,1.068,0.45,0.575
0.165,0.869,0.47,0.575
0.155,0.93,0.45,0.58
0.16,1.0265,0.475,0.6
0.15,1.1025,0.465,0.6
0.165,1.1775,0.47,0.605
0.165,1.056,0.475,0.605
0.15,0.923,0.465,0.615
0.155,1.027,0.475,0.615
0.16,1.1125,0.48,0.62
0.175,1.3745,0.485,0.625
0.015,1.1565,0.495,0.635
0.17,1.1345,0.48,0.645
0.19,1.464,0.5,0.65
0.175,1.415,0.51,0.655
0.185,1.346,0.53,0.66
0.205,1.3645,0.505,0.67
0.215,1.7025,0.54,0.685
0.155,1.454,0.54,0.69
0.17,1.5535,0.53,0.69
0.19,1.6465,0.525,0.7
0.17,1.219,0.55,0.705
0.18,1.652,0.56,0.71
0.195,2.103,0.58,0.72
0.2,1.9965,0.55,0.72
0.185,1.8795,0.575,0.73
0.21,2.236,0.57,0.75
0.21,2.505,0.625,0.755
0.215,2.657,0.63,0.78
0.115,0.4305,0.365,0.455
0.125,0.4785,0.365,0.46
0.13,0.7145,0.41,0.535
0.145,0.8655,0.42,0.54
0.15,0.8,0.445,0.545
0.125,0.651,0.405,0.55
0.155,1.224,0.445,0.56
0.145,0.8495,0.45,0.565
0.135,0.9795,0.46,0.57
0.135,0.857,0.42,0.575
0.165,1.078,0.48,0.575
0.15,0.858,0.445,0.58
0.15,0.98,0.465,0.595
0.155,1.026,0.465,0.595
0.155,1.04,0.465,0.6
0.145,0.8895,0.455,0.6
0.175,1.076,0.475,0.605
0.16,1.0835,0.47,0.605
0.155,1.004,0.475,0.615
0.165,1.023,0.475,0.615
0.155,1.115,0.475,0.615
0.15,1.293,0.5,0.62
0.16,1.1295,0.475,0.62
0.175,1.15,0.505,0.625
0.16,1.264,0.515,0.625
0.155,1.2035,0.48,0.625
0.17,1.3205,0.485,0.63
0.165,1.4595,0.5,0.635
0.175,1.211,0.495,0.635
0.165,1.16,0.505,0.65
0.22,1.662,0.59,0.65
0.17,1.567,0.51,0.65
0.19,1.3595,0.525,0.655
0.19,1.4545,0.52,0.655
0.21,1.548,0.495,0.66
0.17,1.337,0.515,0.66
0.18,1.491,0.53,0.665
0.225,1.5615,0.53,0.67
0.175,1.0145,0.505,0.67
0.19,1.7635,0.565,0.695
0.13,1.556,0.545,0.7
0.18,1.5345,0.57,0.705
0.17,1.614,0.55,0.71
0.17,1.9335,0.575,0.72
0.2,1.737,0.6,0.725
0.19,1.7375,0.58,0.73
0.205,2.1275,0.565,0.735
0.215,2.25,0.57,0.745
0.235,2.5085,0.61,0.75
0.25,2.255,0.65,0.815
0.115,0.566,0.365,0.475
0.12,0.573,0.38,0.495
0.135,0.6855,0.38,0.505
0.14,0.7405,0.41,0.545
0.14,0.84,0.43,0.55
0.15,0.8745,0.43,0.56
0.15,0.8715,0.435,0.56
0.175,1.165,0.46,0.58
0.14,0.953,0.435,0.58
0.15,1.151,0.465,0.59
0.145,0.9905,0.46,0.59
0.16,1.04,0.455,0.595
0.165,0.9515,0.485,0.605
0.16,1.201,0.485,0.605
0.17,1.289,0.515,0.605
0.17,1.1005,0.485,0.61
0.155,1.012,0.435,0.62
0.175,1.1105,0.5,0.63
0.225,1.336,0.49,0.63
0.145,1.1345,0.505,0.635
0.205,1.5335,0.515,0.64
0.175,1.546,0.515,0.645
0.165,1.318,0.505,0.645
0.175,1.5245,0.545,0.65
0.16,1.3825,0.5,0.65
0.215,1.5555,0.54,0.655
0.18,1.389,0.515,0.665
0.185,1.741,0.5,0.68
0.17,1.684,0.55,0.7
0.11,0.6065,0.375,0.515
0.15,0.863,0.44,0.565
0.135,0.7805,0.45,0.57
0.155,1.116,0.47,0.575
0.195,0.9965,0.465,0.575
0.15,1.0305,0.435,0.575
0.15,0.834,0.435,0.58
0.14,0.913,0.445,0.585
0.15,0.9,0.435,0.595
0.155,0.9735,0.46,0.6
0.15,1.13,0.475,0.6
0.18,1.0645,0.48,0.6
0.145,0.9775,0.455,0.605
0.14,0.991,0.48,0.605
0.155,0.974,0.47,0.605
0.18,1.434,0.505,0.605
0.16,1.0725,0.465,0.61
0.15,1.2405,0.485,0.61
0.16,1.1155,0.475,0.61
0.18,1.2795,0.485,0.61
0.155,1.3255,0.515,0.62
0.165,1.139,0.54,0.62
0.18,1.2215,0.48,0.62
0.175,1.0405,0.48,0.62
0.175,1.362,0.485,0.625
0.18,1.1965,0.5,0.63
0.175,1.2435,0.49,0.635
0.17,1.2615,0.49,0.635
0.165,1.2235,0.505,0.64
0.16,1.2415,0.51,0.645
0.19,1.363,0.51,0.645
0.19,1.371,0.48,0.645
0.155,1.337,0.495,0.65
0.15,1.043,0.51,0.655
0.19,1.3485,0.505,0.655
0.195,1.4405,0.505,0.655
0.175,1.5175,0.535,0.66
0.16,1.2915,0.505,0.665
0.19,1.32,0.52,0.67
0.155,1.566,0.55,0.67
0.195,1.619,0.54,0.67
0.195,1.382,0.51,0.675
0.2,1.6075,0.51,0.68
0.175,1.638,0.565,0.685
0.2,1.569,0.55,0.69
0.175,1.773,0.535,0.7
0.17,1.58,0.545,0.705
0.195,1.9805,0.57,0.71
0.205,1.5805,0.54,0.71
0.18,1.445,0.525,0.72
0.21,2.1425,0.565,0.725
0.19,1.9425,0.56,0.73
0.205,2.119,0.565,0.74
0.215,1.938,0.565,0.75
0.135,0.597,0.27,0.375
0.16,0.8795,0.355,0.49
0.135,0.771,0.425,0.535
0.2,1.358,0.415,0.545
0.15,1.1185,0.385,0.545
0.165,1.205,0.38,0.55
0.17,1.48,0.43,0.58
0.15,1.1135,0.475,0.61
0.145,1.1155,0.455,0.615
0.15,1.1845,0.475,0.635
0.14,1.0725,0.475,0.64
0.2,1.5475,0.52,0.655
0.185,1.3405,0.515,0.665
0.175,1.4465,0.53,0.675
0.175,1.5845,0.535,0.685
0.185,1.679,0.55,0.695
0.18,1.5395,0.545,0.705
0.195,2.073,0.55,0.72
0.12,0.7005,0.4,0.51
0.16,0.9455,0.425,0.54
0.125,0.8305,0.445,0.565
0.12,0.803,0.44,0.57
0.175,1.099,0.465,0.575
0.155,0.7955,0.43,0.575
0.195,0.8265,0.45,0.58
0.165,0.925,0.5,0.58
0.135,0.97,0.47,0.6
0.16,1.133,0.465,0.6
0.145,0.862,0.455,0.605
0.145,1.1185,0.46,0.61
0.155,0.957,0.46,0.61
0.165,1.1785,0.47,0.61
0.16,1.255,0.495,0.615
0.17,1.062,0.495,0.62
0.16,1.09,0.445,0.625
0.18,1.354,0.52,0.625
0.145,0.984,0.47,0.625
0.165,1.2695,0.485,0.635
0.165,1.3405,0.52,0.635
0.155,1.2895,0.505,0.635
0.145,1.1145,0.48,0.64
0.165,1.3115,0.515,0.64
0.185,1.4195,0.485,0.64
0.18,1.6195,0.51,0.645
0.21,1.5535,0.52,0.645
0.155,1.189,0.51,0.65
0.185,1.375,0.51,0.65
0.18,1.412,0.515,0.655
0.175,1.348,0.525,0.655
0.205,1.4415,0.535,0.66
0.15,1.2475,0.5,0.665
0.205,1.4015,0.53,0.67
0.185,1.473,0.51,0.675
0.205,1.773,0.575,0.7
0.22,1.866,0.535,0.705
0.18,1.6705,0.575,0.72
0.205,1.6195,0.57,0.725
0.195,1.8325,0.55,0.75
0.15,0.741,0.43,0.53
0.13,0.6355,0.405,0.53
0.15,0.9205,0.47,0.55
0.16,0.8215,0.41,0.56
0.15,0.8295,0.435,0.57
0.14,0.837,0.45,0.6
0.18,1.3485,0.515,0.625
0.16,0.368,0.305,0.4
1.13,0.594,0.355,0.455
0.14,0.689,0.38,0.475
0.14,0.6355,0.38,0.5
0.13,0.699,0.42,0.535
0.14,0.7655,0.385,0.54
0.13,0.7505,0.42,0.54
0.16,0.844,0.43,0.545
0.135,0.83,0.44,0.565
0.15,0.839,0.435,0.58
0.15,1.079,0.485,0.585
0.19,1.1345,0.47,0.6
0.14,0.909,0.43,0.61
0.16,1.056,0.49,0.62
0.21,1.644,0.525,0.665
0.195,1.2525,0.54,0.69
0.185,1.761,0.57,0.705
0.15,1.3165,0.5,0.71
0.215,2.1,0.575,0.72
0.18,1.6895,0.555,0.73
0.115,0.66,0.39,0.505
0.115,0.616,0.385,0.505
0.115,0.3465,0.31,0.4
0.125,0.5395,0.385,0.49
0.18,1.6885,0.55,0.675
0.08,0.282,0.29,0.375
0.12,0.608,0.38,0.48
0.12,0.4585,0.35,0.435
0.075,0.275,0.21,0.29
0.125,0.5765,0.4,0.5
0.125,0.6985,0.41,0.52
0.115,0.4005,0.33,0.44
0.125,0.932,0.425,0.56
0.175,0.966,0.455,0.59
0.18,0.9995,0.465,0.57
0.125,0.5065,0.36,0.45
0.115,0.3455,0.325,0.415
0.19,1.966,0.585,0.745
0.115,0.3025,0.3,0.4
0.2,1.3905,0.51,0.64
0.24,2.1995,0.565,0.715
0.195,1.817,0.565,0.71
0.15,0.897,0.47,0.55
0.16,1.136,0.45,0.61
0.085,0.2405,0.275,0.37
0.17,1.1845,0.5,0.645
0.17,1.098,0.45,0.57
0.235,1.071,0.45,0.58
0.2,0.975,0.48,0.595
0.25,1.283,0.47,0.595
0.165,1.0595,0.42,0.625
0.125,0.6865,0.4,0.52
0.14,0.585,0.37,0.49
0.165,1.0405,0.485,0.575
0.2,1.596,0.55,0.68
0.195,1.4005,0.515,0.65
0.215,1.406,0.49,0.645
0.075,0.14,0.225,0.29
0.215,1.5765,0.525,0.625
0.18,1.2125,0.465,0.55
0.235,1.366,0.495,0.595
0.12,0.445,0.325,0.43
0.14,0.5725,0.35,0.455
0.13,0.764,0.415,0.515
0.145,0.5885,0.375,0.485
0.145,0.7875,0.46,0.535
0.195,1.352,0.525,0.625
0.18,0.958,0.455,0.555
0.145,0.797,0.425,0.55
0.175,0.692,0.39,0.505
0.165,0.729,0.4,0.505
0.18,0.903,0.445,0.56
0.165,0.903,0.45,0.57
0.185,1.106,0.435,0.56
0.115,0.4755,0.36,0.46
0.12,0.3785,0.32,0.435
0.135,0.486,0.38,0.475
0.11,0.3105,0.325,0.38
0.12,0.543,0.365,0.47
0.165,0.998,0.455,0.585
0.17,1.1,0.46,0.57
0.2,1.4285,0.5,0.645
0.16,1.1005,0.465,0.59
0.16,0.9215,0.455,0.58
0.15,1.456,0.51,0.62
0.215,2.226,0.575,0.72
0.175,1.2125,0.51,0.635
0.175,1.0675,0.48,0.61
0.175,0.8525,0.445,0.545
0.18,1.162,0.475,0.6
0.17,0.8705,0.41,0.52
0.15,1.406,0.52,0.67
0.23,1.0935,0.48,0.62
0.18,1.1805,0.475,0.6
0.13,0.6905,0.385,0.495
0.15,0.7145,0.395,0.5
0.105,0.3315,0.305,0.385
0.155,0.974,0.475,0.58
0.09,0.3215,0.3,0.38
0.145,0.8045,0.415,0.52
0.135,0.8075,0.45,0.535
0.13,0.6375,0.405,0.48
0.15,0.813,0.425,0.52
0.12,0.94,0.455,0.58
0.135,0.775,0.415,0.55
0.165,1.1445,0.5,0.65
0.135,0.6,0.375,0.465
0.11,0.384,0.35,0.435
0.135,0.925,0.475,0.58
0.135,0.6185,0.385,0.505
0.145,0.6515,0.395,0.505
0.19,1.496,0.535,0.665
0.105,0.3605,0.305,0.415
0.145,0.7995,0.425,0.525
0.135,0.6295,0.42,0.515
0.195,2.526,0.63,0.8
0.175,0.957,0.48,0.565
0.17,0.9,0.47,0.59
0.195,1.7265,0.565,0.71
0.125,0.8025,0.43,0.56
0.105,0.4715,0.36,0.45
0.17,0.631,0.435,0.515
0.175,1.7265,0.56,0.72
0.21,1.3445,0.485,0.61
0.2,1.449,0.525,0.645
0.175,0.7745,0.44,0.545
0.205,1.3665,0.525,0.66
0.2,1.031,0.47,0.6
0.165,1.065,0.505,0.63
0.225,1.969,0.595,0.72
0.11,0.3575,0.325,0.405
0.15,0.5965,0.405,0.5
0.11,0.382,0.34,0.43
0.09,0.2165,0.265,0.36
0.135,0.6005,0.39,0.525
0.105,0.4285,0.345,0.44
0.115,0.496,0.345,0.45
0.14,0.6195,0.365,0.485
0.125,0.4485,0.35,0.455
0.17,0.775,0.43,0.53
0.155,0.6985,0.415,0.585
0.185,1.017,0.46,0.58
0.15,1.0705,0.5,0.64
0.115,0.5895,0.375,0.505
0.145,0.651,0.38,0.505
0.13,0.494,0.35,0.465
0.12,0.4765,0.36,0.465
0.13,0.4805,0.365,0.475
0.11,0.321,0.315,0.41
0.125,0.6695,0.385,0.53
0.18,1.312,0.5,0.635
0.165,1.087,0.485,0.61
0.18,1.523,0.515,0.66
0.135,0.579,0.38,0.465
0.17,0.796,0.4,0.515
0.1,0.197,0.255,0.345
0.14,0.4565,0.335,0.445
0.17,0.884,0.435,0.55
0.09,0.1855,0.265,0.35
0.105,0.27,0.285,0.37
0.125,0.463,0.33,0.42
0.17,1.099,0.47,0.585
0.13,0.768,0.385,0.5
0.14,0.6915,0.405,0.52
0.08,0.227,0.275,0.37
0.175,1.2985,0.47,0.615
0.165,1.161,0.455,0.59
0.18,0.441,0.355,0.47
0.155,0.742,0.44,0.5
0.145,0.7,0.425,0.52
0.175,0.8975,0.415,0.54
0.145,0.6635,0.4,0.49
0.185,1.235,0.51,0.63
0.165,0.7565,0.395,0.515
0.145,0.57,0.38,0.475
0.13,0.6245,0.4,0.52
0.125,0.6905,0.39,0.48
0.08,0.2,0.26,0.33
0.135,0.6265,0.35,0.465
0.12,0.6015,0.375,0.47
0.15,0.983,0.44,0.565
0.135,1.4405,0.475,0.6
0.155,1.332,0.5,0.6
0.165,1.1405,0.485,0.6
0.155,1.33,0.49,0.625
0.18,1.4995,0.5,0.64
0.165,1.6225,0.545,0.655
0.205,1.925,0.555,0.675
0.175,1.689,0.55,0.675
0.18,1.659,0.55,0.69
0.2,2.0475,0.53,0.695
0.19,1.6015,0.525,0.7
0.165,2.0165,0.57,0.73
0.12,0.4555,0.35,0.455
0.115,0.46,0.35,0.46
0.17,0.828,0.42,0.53
0.15,0.889,0.405,0.53
0.125,0.964,0.425,0.55
0.14,0.963,0.425,0.555
0.15,0.995,0.445,0.57
0.14,0.8585,0.435,0.57
0.145,0.888,0.445,0.58
0.16,0.9045,0.45,0.585
0.155,1.1775,0.47,0.595
0.15,1.0765,0.465,0.595
0.15,1.0255,0.465,0.595
0.145,0.9325,0.46,0.6
0.15,1.235,0.46,0.6
0.16,1.1575,0.485,0.615
0.165,1.327,0.5,0.615
0.175,1.2705,0.51,0.62
0.175,1.2155,0.485,0.62
0.16,1.3245,0.475,0.62
0.165,1.127,0.49,0.625
0.175,1.1075,0.49,0.625
0.2,1.4255,0.495,0.63
0.145,1.147,0.495,0.63
0.18,1.596,0.495,0.635
0.195,1.297,0.495,0.635
0.185,1.4415,0.5,0.65
0.205,1.933,0.545,0.69
0.155,1.8495,0.55,0.695
0.205,1.7975,0.575,0.7
0.205,2.381,0.56,0.705
0.14,0.832,0.43,0.545
0.14,0.778,0.4,0.545
0.135,0.8435,0.44,0.55
0.18,0.908,0.45,0.57
0.16,0.811,0.43,0.57
0.15,0.897,0.48,0.575
0.15,0.938,0.45,0.585
0.14,0.6955,0.435,0.585
0.16,1.0115,0.46,0.59
0.15,1.1005,0.465,0.595
0.15,1.079,0.48,0.605
0.17,1.055,0.475,0.615
0.155,1.084,0.47,0.615
0.155,1.115,0.49,0.625
0.18,1.285,0.52,0.645
0.175,1.2895,0.535,0.65
0.155,1.122,0.49,0.65
0.165,1.349,0.505,0.665
0.19,1.551,0.55,0.675
0.19,1.7315,0.53,0.725
0.22,2.012,0.575,0.74
0.135,0.516,0.395,0.515
0.15,0.7055,0.415,0.525
0.15,0.9475,0.44,0.545
0.175,1.1465,0.445,0.555
0.155,1.017,0.445,0.57
0.155,0.8975,0.435,0.575
0.145,0.9865,0.465,0.58
0.15,0.844,0.425,0.58
0.13,0.8755,0.455,0.585
0.13,0.8725,0.45,0.61
0.15,1.0265,0.46,0.615
0.14,1.1605,0.465,0.62
0.165,1.0125,0.48,0.62
0.155,1.0005,0.475,0.63
0.17,1.2265,0.495,0.64
0.19,1.4045,0.505,0.66
0.2,1.463,0.525,0.66
0.17,1.711,0.525,0.675
0.205,1.757,0.54,0.705
0.135,0.8435,0.43,0.525
0.14,0.8035,0.42,0.54
0.15,0.8115,0.415,0.54
0.13,0.782,0.425,0.57
0.135,0.95,0.445,0.58
0.15,0.976,0.455,0.59
0.17,1.1045,0.48,0.62
0.16,1.254,0.485,0.625
0.185,1.286,0.51,0.635
0.16,1.1665,0.49,0.645
0.16,1.144,0.49,0.645
0.19,1.385,0.525,0.65
0.155,1.309,0.515,0.655
0.17,1.527,0.515,0.655
0.18,1.719,0.565,0.72
0.18,1.52,0.55,0.72
0.17,1.613,0.565,0.72
0.11,0.4085,0.35,0.465
0.125,0.8725,0.445,0.535
0.14,0.745,0.435,0.55
0.15,0.8765,0.425,0.575
0.17,0.9705,0.45,0.58
0.15,0.92,0.45,0.58
0.125,0.7855,0.44,0.58
0.17,1.056,0.48,0.6
0.15,0.9625,0.45,0.6
0.17,1.0915,0.495,0.605
0.195,1.2735,0.47,0.61
0.175,1.194,0.475,0.615
0.135,1.1215,0.515,0.615
0.165,1.198,0.495,0.615
0.15,0.9545,0.475,0.62
0.16,1.217,0.5,0.625
0.145,0.92,0.49,0.625
0.165,1.2615,0.48,0.63
0.185,1.167,0.485,0.63
0.19,1.3765,0.485,0.635
0.19,1.29,0.5,0.635
0.15,1.151,0.485,0.645
0.17,1.197,0.52,0.645
0.2,1.6645,0.565,0.65
0.205,1.528,0.5,0.655
0.2,1.494,0.515,0.655
0.16,1.277,0.525,0.66
0.18,1.5965,0.525,0.66
0.175,1.3805,0.51,0.665
0.19,1.527,0.525,0.67
0.17,1.3435,0.505,0.68
0.13,0.693,0.38,0.505
0.21,1.183,0.37,0.51
0.135,0.7905,0.41,0.525
0.15,1.224,0.4,0.535
0.14,1.007,0.44,0.59
0.21,1.5245,0.43,0.595
0.17,1.148,0.5,0.62
0.11,1.136,0.49,0.625
0.17,1.2235,0.51,0.635
0.18,1.3695,0.525,0.635
0.175,1.2905,0.505,0.655
0.17,1.4265,0.515,0.67
0.205,2.2635,0.615,0.75
0.14,0.871,0.47,0.57
0.155,0.8785,0.435,0.58
0.16,0.921,0.46,0.595
0.14,0.869,0.45,0.6
0.16,1.089,0.495,0.61
0.155,1.1635,0.515,0.625
0.165,1.251,0.505,0.635
0.155,1.145,0.49,0.635
0.145,1.1335,0.485,0.64
0.15,1.2015,0.5,0.64
0.16,1.204,0.49,0.655
0.17,1.2895,0.455,0.655
0.18,1.5175,0.53,0.66
0.185,1.494,0.52,0.68
0.195,1.664,0.56,0.68
0.2,1.5855,0.535,0.695
0.22,1.666,0.555,0.7
0.205,1.908,0.55,0.73
0.2,2.073,0.575,0.755
0.15,0.728,0.43,0.52
0.115,0.5685,0.395,0.53
0.15,0.655,0.43,0.55
0.1,0.4705,0.36,0.47
0.135,0.714,0.4,0.525
0.13,0.6995,0.4,0.525
0.14,0.952,0.425,0.55
0.135,0.8285,0.45,0.575
0.155,1.1945,0.485,0.62
0.19,1.1655,0.495,0.63
0.17,1.2155,0.49,0.63
0.17,1.5105,0.53,0.685
0.1,0.5565,0.39,0.485
0.2,1.3235,0.48,0.625
0.18,1.2785,0.5,0.645
0.195,1.8745,0.53,0.71
0.215,1.978,0.54,0.7
0.165,1.367,0.505,0.655
0.175,1.742,0.5,0.665
0.105,0.513,0.375,0.47
0.09,0.397,0.35,0.43
0.085,0.204,0.255,0.34
0.07,0.17,0.22,0.335
0.125,0.765,0.44,0.55
0.19,1.151,0.475,0.64
0.115,0.6765,0.41,0.545
0.175,1.571,0.54,0.64
0.155,0.872,0.465,0.57
0.18,0.606,0.405,0.505
0.13,0.539,0.38,0.49
0.135,0.657,0.41,0.505
0.1,0.2685,0.295,0.37
0.175,1.707,0.545,0.67
0.15,0.8805,0.415,0.59
0.11,0.4965,0.36,0.47
0.135,0.632,0.385,0.51
0.115,0.72,0.405,0.525
0.16,1.017,0.47,0.61
0.175,0.98,0.405,0.545
0.155,0.578,0.38,0.49
0.16,0.6835,0.405,0.505
0.1,0.2725,0.3,0.385
0.22,1.511,0.485,0.62
0.185,1.3035,0.505,0.635
0.185,1.3955,0.53,0.665
0.165,1.1345,0.48,0.6
0.17,1.0835,0.46,0.585
0.14,0.868,0.42,0.555
0.16,1.0915,0.495,0.57
0.175,1.271,0.485,0.62
0.19,1.2355,0.505,0.64
0.13,0.4135,0.32,0.42
0.135,0.56,0.35,0.45
0.19,1.2765,0.505,0.64
0.19,1.2955,0.48,0.61
0.205,1.2315,0.485,0.59
0.185,1.5715,0.54,0.69
0.16,1.092,0.51,0.655
0.205,1.8165,0.555,0.69
0.16,1.6365,0.55,0.695
0.19,1.213,0.495,0.61
0.125,0.459,0.35,0.435
0.105,0.4195,0.35,0.435
0.15,0.8745,0.48,0.575
0.125,0.8775,0.435,0.56
0.19,1.3105,0.52,0.645
0.145,1.2515,0.485,0.595
0.14,1.1705,0.5,0.655
0.135,0.6625,0.385,0.495
0.115,0.4335,0.335,0.4
0.145,1.107,0.465,0.595
0.13,0.8595,0.475,0.625
0.14,0.501,0.375,0.475
0.14,0.6735,0.405,0.5
0.14,0.5555,0.39,0.465
0.19,1.428,0.53,0.655
0.165,1.0385,0.475,0.58
0.155,0.9715,0.475,0.59
0.185,1.522,0.57,0.665
0.175,1.1255,0.51,0.62
0.145,1.0185,0.475,0.605
0.12,0.6175,0.395,0.51
0.15,0.597,0.375,0.495
0.16,1.22,0.5,0.63
0.165,1.0735,0.485,0.605
0.175,1.146,0.5,0.62
0.205,1.1055,0.5,0.615
0.19,1.67,0.525,0.66
0.175,1.555,0.575,0.71
0.185,0.9285,0.45,0.565
0.14,0.8085,0.435,0.57
0.135,0.438,0.325,0.45
0.165,1.166,0.485,0.62
0.135,0.507,0.38,0.48
0.15,0.6345,0.41,0.505
0.2,1.4685,0.555,0.705
0.155,0.7765,0.425,0.535
0.13,0.5885,0.37,0.48
0.105,0.3375,0.3,0.395
0.15,0.6855,0.435,0.545
0.125,0.314,0.305,0.385
0.18,0.7005,0.34,0.51
0.135,0.382,0.325,0.425
0.125,0.4435,0.35,0.45
0.175,1.71,0.525,0.685
0.185,0.8575,0.475,0.585
0.135,0.59,0.39,0.49
0.11,0.385,0.365,0.455
0.145,0.59,0.38,0.48
0.13,0.584,0.38,0.51
0.145,0.829,0.405,0.52
0.11,0.4385,0.36,0.455
0.175,1.073,0.44,0.58
0.125,0.588,0.375,0.475
0.15,0.5325,0.33,0.46
0.07,0.1485,0.225,0.305
0.115,0.487,0.35,0.475
0.165,1.2225,0.45,0.605
0.15,0.559,0.375,0.475
0.115,0.44,0.35,0.46
0.105,0.5265,0.37,0.49
0.16,1.0315,0.465,0.56
0.18,1.2495,0.48,0.58
0.165,1.148,0.475,0.595
0.15,1.172,0.475,0.63
0.185,1.5055,0.545,0.65
0.115,0.4705,0.355,0.465
0.115,0.569,0.4,0.49
0.12,0.5725,0.39,0.505
0.125,0.7115,0.44,0.525
0.145,0.8815,0.44,0.555
0.11,0.931,0.42,0.555
0.165,1.065,0.46,0.575
0.16,1.234,0.48,0.61
0.175,1.2635,0.495,0.61
0.16,1.0745,0.47,0.61
0.16,1.1115,0.495,0.625
0.17,1.255,0.47,0.625
0.195,1.1435,0.48,0.64
0.165,1.6885,0.52,0.665
0.23,2.0725,0.585,0.715
0.185,1.523,0.58,0.725
0.16,1.1155,0.475,0.505
0.14,0.627,0.42,0.53
0.135,0.812,0.43,0.555
0.145,0.9835,0.45,0.585
0.165,1.0155,0.47,0.595
0.19,1.1345,0.49,0.615
0.18,1.233,0.51,0.62
0.165,1.1635,0.5,0.64
0.175,1.1545,0.475,0.64
0.175,1.3345,0.52,0.645
0.175,1.5585,0.54,0.655
0.175,1.3275,0.5,0.66
0.19,1.492,0.525,0.69
0.2,1.7365,0.575,0.7
0.175,1.6605,0.56,0.7
0.185,1.7185,0.545,0.72
0.12,0.594,0.37,0.495
0.175,1.2365,0.45,0.565
0.16,0.8875,0.42,0.57
0.16,0.895,0.475,0.575
0.165,0.9355,0.465,0.585
0.165,1.058,0.46,0.585
0.145,0.7955,0.465,0.595
0.17,1.0805,0.47,0.6
0.155,1.059,0.475,0.6
0.17,1.088,0.475,0.6
0.145,0.776,0.485,0.6
0.165,1.043,0.48,0.62
0.16,1.3335,0.475,0.625
0.175,1.273,0.5,0.625
0.195,1.6275,0.52,0.65
0.165,1.3875,0.475,0.65
0.165,1.2835,0.53,0.655
0.155,1.3765,0.5,0.66
0.11,0.5805,0.375,0.51
0.12,0.913,0.405,0.555
0.17,1.0425,0.465,0.59
0.17,1.3475,0.49,0.61
0.17,1.12,0.5,0.64
0.17,1.2645,0.5,0.64
0.17,1.275,0.455,0.655
0.175,1.4355,0.5,0.665
0.195,1.42,0.525,0.67
0.225,2.037,0.565,0.735
0.14,0.8735,0.425,0.525
0.125,0.654,0.41,0.545
0.155,1.034,0.42,0.585
0.145,0.9855,0.465,0.585
0.135,0.964,0.44,0.595
0.155,1.0455,0.46,0.595
0.165,1.081,0.45,0.595
0.16,1.122,0.5,0.6
0.15,1.1345,0.49,0.605
0.165,1.0835,0.495,0.61
0.135,1.3025,0.485,0.625
0.195,1.306,0.505,0.63
0.195,1.281,0.52,0.65
0.175,1.35,0.51,0.65
0.17,1.431,0.53,0.66
0.195,1.764,0.54,0.665
0.155,1.278,0.51,0.67
0.2,1.46,0.54,0.67
0.185,1.5575,0.535,0.675
0.195,1.4985,0.53,0.675
0.17,1.564,0.53,0.705
0.185,1.792,0.56,0.725
0.115,0.6475,0.32,0.38
0.15,0.9145,0.365,0.485
0.18,1.1655,0.415,0.55
0.19,1.764,0.42,0.575
0.17,1.2635,0.505,0.635
0.165,1.238,0.525,0.65
0.17,1.4045,0.5,0.65
0.195,1.37,0.525,0.67
0.205,1.8185,0.525,0.695
0.195,1.7525,0.555,0.705
0.14,0.846,0.44,0.555
0.145,0.898,0.43,0.56
0.15,0.927,0.46,0.575
0.155,0.9845,0.42,0.585
0.175,1.107,0.5,0.62
0.15,1.072,0.475,0.63
0.155,1.129,0.51,0.645
0.175,1.2075,0.505,0.65
0.175,1.227,0.495,0.65
0.175,1.472,0.52,0.655
0.18,1.5785,0.525,0.665
0.21,1.593,0.54,0.675
0.175,1.361,0.535,0.695
0.17,1.4575,0.56,0.705
0.115,0.5885,0.365,0.45
0.135,0.5375,0.375,0.52
0.17,1.137,0.49,0.61
0.175,1.1685,0.48,0.605
0.135,1.059,0.455,0.615
0.185,1.541,0.52,0.68
0.17,1.47,0.555,0.71
0.175,0.754,0.42,0.545
0.115,0.4485,0.365,0.46
0.1,0.4425,0.35,0.425
0.145,0.8255,0.41,0.53
0.145,0.9525,0.475,0.615
0.22,1.604,0.535,0.675
0.11,0.3005,0.295,0.375
0.155,0.9685,0.465,0.57
0.155,0.731,0.4,0.485
0.165,0.9765,0.45,0.565
0.19,1.018,0.44,0.57
0.15,1.082,0.465,0.55
0.175,1.423,0.475,0.63
0.18,1.4155,0.5,0.655
0.165,0.717,0.43,0.525
0.13,0.6355,0.39,0.5
0.135,0.3975,0.34,0.44
0.16,0.656,0.385,0.49
0.11,0.447,0.36,0.45
0.115,0.578,0.4,0.515
0.15,0.708,0.41,0.525
0.225,1.626,0.5,0.645
0.17,1.1775,0.49,0.61
0.13,1.058,0.455,0.565
0.16,1.5415,0.545,0.67
0.12,0.4915,0.375,0.46
0.155,0.9705,0.44,0.56
0.1,0.9315,0.45,0.575
0.18,0.97,0.46,0.56
0.15,0.8085,0.4,0.5
0.18,1.053,0.5,0.595
0.165,1.1765,0.5,0.615
0.15,0.8765,0.46,0.565
0.125,0.813,0.43,0.525
0.125,0.458,0.375,0.455
0.16,0.712,0.41,0.52
0.19,1.3065,0.49,0.645
0.165,0.7105,0.4,0.5
0.115,0.487,0.35,0.47
0.215,1.498,0.515,0.65
0.185,1.597,0.535,0.67
0.115,0.541,0.37,0.49
0.115,0.541,0.4,0.475
0.065,0.205,0.275,0.35
0.16,1.0905,0.44,0.54
0.115,0.6295,0.4,0.525
0.165,0.772,0.4,0.53
0.15,0.7155,0.415,0.525
0.13,0.717,0.425,0.53
0.11,0.6355,0.39,0.465
0.14,0.686,0.395,0.515
0.155,1.016,0.44,0.555
0.18,1.438,0.5,0.61
0.19,1.807,0.55,0.68
0.195,2.1505,0.575,0.72
0.115,0.7745,0.41,0.525
0.125,0.874,0.45,0.585
0.17,1.37,0.525,0.645
0.185,1.759,0.545,0.655
0.195,1.8065,0.52,0.67
0.14,0.7545,0.43,0.555
0.15,1.0035,0.46,0.585
0.14,1.011,0.465,0.62
0.175,1.382,0.525,0.64
0.175,1.473,0.55,0.68
0.195,1.658,0.58,0.69
0.12,0.9585,0.45,0.575
0.165,0.9575,0.46,0.575
0.135,0.926,0.46,0.58
0.155,0.873,0.425,0.58
0.16,1.234,0.495,0.625
0.165,1.2255,0.485,0.625
0.18,1.2565,0.5,0.635
0.15,1.159,0.5,0.645
0.185,1.826,0.535,0.69
0.185,1.7715,0.56,0.695
0.16,1.336,0.515,0.63
0.18,1.36,0.49,0.64
0.17,1.1,0.48,0.575
0.19,1.7015,0.49,0.625
0.155,1.073,0.485,0.635
0.175,1.477,0.5,0.635
0.16,1.3105,0.495,0.65
0.175,1.494,0.52,0.675
0.15,1.1965,0.51,0.675
0.175,1.907,0.545,0.71
0.18,1.79,0.565,0.715
0.205,1.7495,0.59,0.72
0.18,1.6645,0.42,0.56
0.15,0.9645,0.45,0.57
0.155,1.1,0.465,0.605
0.175,1.3185,0.505,0.64
0.14,0.914,0.455,0.595
0.17,1.13,0.5,0.6
0.155,1.0805,0.495,0.615
0.175,1.2355,0.495,0.635
0.19,1.2395,0.535,0.645
0.165,1.357,0.505,0.65
0.22,1.359,0.5,0.655
0.135,0.8025,0.44,0.56
0.165,1.053,0.475,0.585
0.17,0.9945,0.455,0.585
0.125,0.615,0.4,0.515
0.165,0.887,0.45,0.565
0.15,1.0945,0.485,0.625
0.08,0.205,0.255,0.33
0.095,0.3515,0.3,0.425
0.085,0.2905,0.28,0.355
0.1,0.2255,0.275,0.38
0.045,0.07,0.175,0.24
0.055,0.042,0.15,0.205
0.05,0.042,0.15,0.21
0.095,0.203,0.295,0.39
0.07,0.161,0.245,0.325
0.12,0.595,0.41,0.52
0.06,0.086,0.19,0.245
0.07,0.151,0.235,0.31
0.095,0.2315,0.265,0.36
0.08,0.3325,0.32,0.435
0.085,0.2535,0.295,0.385
0.08,0.1755,0.28,0.36
0.06,0.073,0.195,0.27
0.09,0.238,0.275,0.375
0.085,0.2505,0.29,0.385
0.095,0.211,0.26,0.35
0.065,0.0975,0.2,0.265
0.08,0.127,0.205,0.28
0.055,0.0315,0.13,0.175
0.095,0.03,0.13,0.17
0.04,0.048,0.16,0.235
0.09,0.1785,0.26,0.36
0.06,0.125,0.21,0.315
0.085,0.1435,0.245,0.315
0.045,0.0465,0.16,0.225
0.085,0.22,0.275,0.355
0.11,0.315,0.3,0.4
0.11,0.3795,0.34,0.435
0.095,0.2655,0.28,0.37
0.12,0.324,0.3,0.405
0.105,0.3265,0.38,0.425
0.085,0.205,0.27,0.365
0.075,0.1155,0.215,0.275
0.135,0.435,0.35,0.44
0.08,0.124,0.225,0.295
0.01,0.002,0.055,0.075
0.03,0.013,0.1,0.13
0.03,0.008,0.09,0.11
0.035,0.021,0.12,0.16
0.07,0.1,0.2,0.27
0.065,0.0645,0.175,0.23
0.08,0.1275,0.23,0.3
0.085,0.1655,0.255,0.33
0.085,0.174,0.26,0.35
0.08,0.1585,0.245,0.32
0.085,0.1975,0.275,0.36
0.075,0.156,0.245,0.305
0.11,0.2135,0.27,0.345
0.105,0.1715,0.25,0.33
0.06,0.095,0.195,0.245
0.105,0.2415,0.285,0.36
0.085,0.128,0.215,0.295
0.075,0.1105,0.205,0.275
0.085,0.1065,0.21,0.28
0.06,0.037,0.145,0.2
0.03,0.0215,0.12,0.165
0.11,0.4585,0.355,0.45
0.095,0.172,0.255,0.33
0.06,0.0965,0.21,0.265
0.04,0.038,0.145,0.19
0.07,0.1055,0.205,0.265
0.09,0.251,0.275,0.355
0.1,0.1755,0.255,0.32
0.09,0.2255,0.28,0.36
0.08,0.121,0.22,0.3
0.04,0.0705,0.175,0.235
0.08,0.2,0.26,0.34
0.115,0.2715,0.305,0.375
0.12,0.471,0.375,0.465
0.1,0.3215,0.325,0.415
0.095,0.25,0.295,0.365
0.095,0.1995,0.275,0.345
0.1,0.302,0.31,0.39
0.12,0.365,0.345,0.44
0.12,0.529,0.38,0.49
0.07,0.101,0.225,0.29
0.07,0.092,0.2,0.26
0.1,0.366,0.345,0.44
0.095,0.217,0.275,0.36
0.095,0.252,0.305,0.385
0.11,0.2335,0.275,0.36
0.1,0.192,0.26,0.335
0.1,0.2715,0.295,0.395
0.105,0.199,0.28,0.36
0.11,0.2965,0.31,0.415
0.07,0.0715,0.185,0.24
0.055,0.0545,0.165,0.22
0.07,0.0735,0.195,0.255
0.05,0.0235,0.125,0.175
0.12,0.3575,0.34,0.43
0.155,0.8735,0.445,0.56
0.185,1.1095,0.53,0.68
0.115,0.218,0.26,0.365
0.185,0.752,0.42,0.53
0.12,0.4705,0.37,0.47
0.14,0.4985,0.37,0.47
0.13,0.454,0.38,0.465
0.14,0.5775,0.405,0.52
0.18,0.875,0.425,0.555
0.16,1.1625,0.515,0.65
0.155,0.9885,0.49,0.615
0.165,0.8,0.44,0.56
0.12,0.514,0.37,0.48
0.125,0.591,0.39,0.485
0.15,0.6265,0.385,0.5
0.15,0.795,0.405,0.525
0.145,0.66,0.4,0.52
0.12,0.659,0.4,0.515
0.13,0.581,0.355,0.485
0.125,0.406,0.33,0.435
0.14,0.474,0.35,0.45
0.135,0.443,0.345,0.45
0.15,0.9665,0.475,0.61
0.14,0.9175,0.425,0.56
0.15,0.8865,0.445,0.58
0.15,0.806,0.425,0.55
0.14,0.4935,0.355,0.46
0.125,0.6655,0.39,0.495
0.17,0.6805,0.425,0.52
0.15,0.745,0.4,0.51
0.175,0.874,0.41,0.525
0.18,0.8525,0.455,0.575
0.14,0.939,0.47,0.605
0.145,1.054,0.495,0.605
0.145,0.926,0.42,0.535
0.115,0.4885,0.345,0.47
0.14,0.5555,0.39,0.515
0.125,0.425,0.345,0.425
0.13,0.458,0.37,0.485
0.125,0.4775,0.37,0.495
0.145,0.525,0.35,0.45
0.14,0.673,0.38,0.485
0.105,0.498,0.36,0.465
0.145,0.944,0.415,0.53
0.115,0.49,0.365,0.475
0.13,0.5225,0.36,0.47
0.12,0.487,0.345,0.44
0.18,1.1785,0.485,0.62
0.12,0.347,0.33,0.445
0.12,0.4885,0.35,0.46
0.09,0.1665,0.245,0.335
0.13,0.466,0.35,0.47
0.195,1.3165,0.49,0.58
0.18,1.626,0.525,0.65
0.17,0.781,0.45,0.535
0.12,0.412,0.355,0.45
0.1,0.2295,0.275,0.37
0.075,0.0865,0.19,0.255
0.02,0.019,0.11,0.165
0.09,0.1285,0.23,0.315
0.05,0.0175,0.105,0.155
0.09,0.1105,0.225,0.295
0.08,0.176,0.25,0.325
0.055,0.1135,0.205,0.28
0.065,0.1035,0.2,0.275
0.07,0.0975,0.205,0.29
0.06,0.0765,0.19,0.25
0.035,0.0265,0.125,0.18
0.025,0.015,0.1,0.15
0.025,0.018,0.11,0.16
0.14,0.521,0.375,0.485
0.125,0.244,0.28,0.385
0.06,0.0525,0.155,0.215
0.1,0.22,0.275,0.37
0.07,0.1015,0.205,0.28
0.055,0.067,0.175,0.235
0.06,0.088,0.185,0.255
0.085,0.1715,0.24,0.315
0.08,0.1735,0.25,0.325
0.08,0.183,0.25,0.335
0.09,0.2055,0.27,0.35
0.07,0.18,0.25,0.35
0.085,0.27,0.3,0.36
0.135,0.24,0.275,0.365
0.14,0.2215,0.275,0.37
0.095,0.1375,0.275,0.38
0.095,0.312,0.29,0.385
0.1,0.2895,0.3,0.385
0.095,0.319,0.29,0.395
0.095,0.304,0.29,0.395
0.1,0.306,0.31,0.4
0.1,0.394,0.325,0.41
0.11,0.3735,0.32,0.415
0.1,0.398,0.325,0.425
0.115,0.501,0.365,0.44
0.1,0.4895,0.335,0.445
0.1,0.378,0.325,0.445
0.13,0.547,0.35,0.45
0.125,0.5465,0.365,0.475
0.105,0.498,0.355,0.485
0.05,0.046,0.14,0.205
0.055,0.0705,0.175,0.24
0.065,0.0665,0.175,0.24
0.05,0.083,0.19,0.255
0.055,0.083,0.18,0.255
0.06,0.092,0.195,0.265
0.075,0.117,0.12,0.28
0.08,0.1625,0.23,0.295
0.08,0.131,0.235,0.3
0.095,0.1385,0.23,0.3
0.07,0.141,0.22,0.305
0.075,0.1485,0.235,0.315
0.07,0.144,0.23,0.315
0.09,0.1575,0.24,0.32
0.075,0.187,0.24,0.325
0.085,0.196,0.265,0.33
0.075,0.1825,0.25,0.335
0.075,0.186,0.25,0.335
0.075,0.1785,0.25,0.34
0.07,0.2225,0.25,0.34
0.1,0.2455,0.265,0.345
0.095,0.249,0.29,0.37
0.095,0.2865,0.28,0.37
0.09,0.215,0.28,0.375
0.08,0.251,0.265,0.385
0.09,0.339,0.31,0.41
0.09,0.3535,0.305,0.41
0.09,0.3335,0.31,0.41
0.09,0.3595,0.33,0.415
0.115,0.376,0.32,0.42
0.1,0.3435,0.315,0.42
0.1,0.382,0.34,0.425
0.1,0.377,0.315,0.425
0.1,0.3645,0.325,0.43
0.09,0.425,0.325,0.43
0.12,0.3995,0.325,0.435
0.115,0.3925,0.34,0.435
0.13,0.4495,0.345,0.44
0.09,0.35,0.325,0.44
0.13,0.4195,0.35,0.445
0.13,0.478,0.36,0.45
0.105,0.4445,0.355,0.45
0.11,0.47,0.345,0.45
0.105,0.447,0.335,0.45
0.125,0.5325,0.355,0.455
0.12,0.497,0.375,0.455
0.1,0.4635,0.36,0.46
0.105,0.449,0.345,0.46
0.115,0.467,0.365,0.465
0.115,0.534,0.37,0.465
0.11,0.4415,0.345,0.465
0.12,0.56,0.385,0.5
0.15,0.685,0.39,0.505
0.125,0.601,0.355,0.505
0.1,0.5785,0.375,0.51
0.135,0.769,0.405,0.51
0.045,0.029,0.13,0.185
0.045,0.0375,0.15,0.195
0.04,0.0325,0.135,0.195
0.04,0.0435,0.155,0.2
0.055,0.059,0.165,0.225
0.065,0.071,0.18,0.245
0.065,0.0685,0.18,0.25
0.055,0.084,0.195,0.265
0.065,0.106,0.195,0.275
0.085,0.1075,0.21,0.28
0.065,0.096,0.22,0.285
0.08,0.1255,0.22,0.3
0.055,0.151,0.235,0.315
0.085,0.1415,0.225,0.32
0.08,0.2015,0.265,0.34
0.1,0.221,0.28,0.37
0.08,0.2345,0.28,0.375
0.1,0.2325,0.275,0.375
0.08,0.2485,0.29,0.385
0.095,0.348,0.32,0.4
0.11,0.32,0.3,0.405
0.1,0.282,0.3,0.41
0.1,0.3245,0.325,0.41
0.105,0.316,0.3,0.42
0.11,0.3625,0.32,0.42
0.095,0.279,0.31,0.42
0.115,0.3685,0.325,0.425
0.11,0.413,0.33,0.435
0.115,0.418,0.345,0.435
0.11,0.3705,0.33,0.44
0.105,0.409,0.345,0.445
0.145,0.434,0.34,0.445
0.11,0.411,0.335,0.445
0.125,0.462,0.365,0.45
0.12,0.4925,0.34,0.45
0.105,0.3715,0.33,0.45
0.1,0.411,0.33,0.45
0.11,0.3685,0.33,0.45
0.115,0.4155,0.35,0.46
0.125,0.4845,0.38,0.47
0.11,0.4565,0.35,0.475
0.1,0.4545,0.35,0.475
0.125,0.6245,0.38,0.48
0.14,0.5495,0.375,0.5
0.12,0.542,0.375,0.5
0.125,0.519,0.38,0.5
0.125,0.6795,0.405,0.51
0.125,0.5575,0.4,0.51
0.115,0.5155,0.38,0.51
0.125,0.6115,0.385,0.515
0.135,0.5395,0.38,0.52
0.125,0.5545,0.38,0.52
0.13,0.6455,0.4,0.525
0.14,0.601,0.4,0.525
0.12,0.608,0.395,0.525
0.125,0.617,0.4,0.53
0.125,0.599,0.39,0.535
0.14,0.6665,0.42,0.54
0.15,0.755,0.44,0.57
0.13,0.805,0.435,0.575
0.17,1.2975,0.5,0.665
0.12,0.4645,0.375,0.185
0.06,0.0765,0.205,0.245
0.065,0.0685,0.185,0.25
0.065,0.0835,0.19,0.25
0.09,0.1125,0.195,0.275
0.065,0.1075,0.215,0.305
0.07,0.1055,0.225,0.31
0.08,0.1375,0.23,0.315
0.07,0.1145,0.23,0.315
0.075,0.139,0.225,0.325
0.095,0.2085,0.25,0.33
0.095,0.1595,0.205,0.33
0.09,0.2015,0.245,0.335
0.09,0.179,0.25,0.34
0.095,0.1945,0.255,0.345
0.085,0.2005,0.255,0.345
0.075,0.215,0.27,0.35
0.09,0.1785,0.255,0.35
0.085,0.196,0.27,0.36
0.085,0.1875,0.27,0.365
0.085,0.196,0.27,0.365
0.085,0.213,0.265,0.365
0.09,0.2445,0.29,0.37
0.085,0.217,0.28,0.37
0.095,0.213,0.29,0.375
0.085,0.2385,0.29,0.375
0.09,0.218,0.275,0.375
0.095,0.2465,0.275,0.375
0.08,0.2025,0.28,0.375
0.085,0.218,0.27,0.375
0.11,0.256,0.275,0.38
0.08,0.2105,0.27,0.38
0.09,0.2615,0.29,0.385
0.085,0.2175,0.28,0.385
0.095,0.302,0.3,0.385
0.09,0.228,0.28,0.385
0.095,0.3265,0.3,0.39
0.105,0.284,0.305,0.395
0.095,0.2725,0.295,0.395
0.1,0.2985,0.27,0.395
0.1,0.2675,0.29,0.4
0.09,0.2645,0.285,0.405
0.11,0.33,0.335,0.41
0.09,0.328,0.305,0.42
0.11,0.3335,0.325,0.425
0.1,0.3055,0.32,0.425
0.09,0.301,0.31,0.425
0,0.428,0.34,0.43
0.095,0.378,0.315,0.43
0.11,0.3685,0.315,0.435
0.12,0.438,0.34,0.44
0.105,0.448,0.33,0.45
0.105,0.4005,0.345,0.455
0.1,0.372,0.33,0.455
0.105,0.466,0.36,0.46
0.105,0.3705,0.35,0.46
0.11,0.346,0.34,0.465
0.1,0.411,0.365,0.47
0.18,0.48,0.355,0.47
0.12,0.393,0.355,0.47
0.1,0.5035,0.355,0.475
0.12,0.441,0.38,0.475
0.11,0.492,0.36,0.475
0.125,0.5435,0.37,0.48
0.115,0.4725,0.355,0.48
0.1,0.461,0.365,0.48
0.12,0.4965,0.355,0.495
0.13,0.5125,0.38,0.495
0.135,0.594,0.38,0.5
0.145,0.5795,0.375,0.5
0.14,0.6615,0.41,0.5
0.125,0.5695,0.375,0.5
0.14,0.6215,0.395,0.5
0.13,0.6015,0.405,0.505
0.12,0.594,0.38,0.505
0.105,0.551,0.395,0.505
0.12,0.625,0.38,0.515
0.135,0.711,0.42,0.515
0.135,0.6965,0.4,0.515
0.13,0.5825,0.4,0.52
0.125,0.663,0.395,0.52
0.125,0.6965,0.4,0.525
0.13,0.694,0.415,0.53
0.155,0.81,0.42,0.53
0.11,0.5745,0.415,0.53
0.13,0.7675,0.425,0.53
0.135,0.6025,0.4,0.535
0.15,0.5765,0.415,0.535
0.14,0.7265,0.42,0.54
0.135,0.7715,0.435,0.545
0.15,0.7285,0.43,0.545
0.135,0.5945,0.405,0.545
0.145,0.7895,0.43,0.55
0.14,0.7535,0.435,0.55
0.135,0.7305,0.425,0.55
0.155,0.7395,0.43,0.555
0.14,0.7665,0.43,0.555
0.145,0.7905,0.425,0.555
0.135,0.8205,0.425,0.56
0.145,0.688,0.425,0.56
0.145,0.974,0.455,0.56
0.175,0.8735,0.44,0.565
0.145,0.751,0.45,0.57
0.135,0.794,0.45,0.57
0.13,0.7665,0.44,0.57
0.16,1.0505,0.475,0.585
0.135,0.7715,0.445,0.59
0.15,1.12,0.475,0.6
0.15,1.238,0.485,0.605
0.13,0.9025,0.435,0.605
0.15,0.9605,0.465,0.61
0.18,1.272,0.505,0.63
0.145,1.0605,0.475,0.63
0.035,0.014,0.105,0.14
0.06,0.0515,0.165,0.23
0.135,0.2215,0.265,0.365
0.08,0.1985,0.255,0.365
0.095,0.232,0.27,0.37
0.085,0.3155,0.28,0.375
0.09,0.247,0.3,0.385
0.09,0.3025,0.295,0.395
0.11,0.329,0.29,0.4
0.09,0.2815,0.3,0.4
0.095,0.3425,0.31,0.405
0.09,0.2825,0.29,0.405
0.105,0.304,0.3,0.405
0.095,0.2905,0.32,0.41
0.105,0.389,0.34,0.425
0.105,0.4405,0.34,0.43
0.105,0.369,0.34,0.44
0.11,0.4465,0.365,0.44
0.135,0.501,0.335,0.455
0.11,0.436,0.355,0.46
0.14,0.4615,0.345,0.47
0.125,0.4315,0.35,0.47
0.12,0.3685,0.355,0.47
0.115,0.459,0.365,0.475
0.125,0.542,0.36,0.48
0.12,0.4725,0.38,0.485
0.125,0.556,0.395,0.515
0.125,0.5625,0.4,0.515
0.13,0.7045,0.43,0.53
0.13,0.8425,0.475,0.615
0.045,0.0475,0.17,0.21
0.055,0.101,0.21,0.285
0.07,0.121,0.215,0.295
0.085,0.117,0.23,0.3
0.09,0.1465,0.225,0.305
0.08,0.168,0.255,0.335
0.075,0.18,0.26,0.35
0.075,0.1775,0.27,0.355
0.09,0.1985,0.26,0.355
0.095,0.2,0.27,0.36
0.075,0.2205,0.275,0.36
0.075,0.1845,0.265,0.36
0.085,0.2225,0.27,0.365
0.095,0.2175,0.27,0.37
0.08,0.2165,0.28,0.375
0.095,0.243,0.285,0.38
0.1,0.237,0.29,0.38
0.09,0.2365,0.29,0.385
0.095,0.257,0.28,0.385
0.09,0.308,0.3,0.385
0.09,0.252,0.3,0.39
0.1,0.281,0.285,0.39
0.1,0.2225,0.29,0.39
0.09,0.304,0.3,0.41
0.09,0.28,0.3,0.41
0.1,0.313,0.325,0.415
0.11,0.317,0.325,0.425
0.08,0.303,0.315,0.425
0.1,0.3295,0.335,0.435
0.11,0.367,0.325,0.435
0.095,0.3245,0.34,0.45
0.11,0.4195,0.335,0.45
0.115,0.457,0.36,0.455
0.11,0.4,0.35,0.46
0.11,0.4255,0.355,0.46
0.12,0.4365,0.37,0.465
0.11,0.393,0.345,0.465
0.125,0.499,0.355,0.47
0.145,0.6325,0.36,0.475
0.125,0.4905,0.36,0.475
0.125,0.474,0.37,0.48
0.12,0.536,0.37,0.48
0.13,0.6025,0.375,0.485
0.115,0.4615,0.375,0.49
0.135,0.624,0.4,0.49
0.125,0.4715,0.37,0.495
0.105,0.602,0.4,0.495
0.12,0.616,0.4,0.5
0.12,0.5955,0.39,0.5
0.14,0.559,0.375,0.5
0.13,0.6025,0.395,0.51
0.125,0.4725,0.36,0.515
0.105,0.4745,0.35,0.515
0.125,0.6635,0.395,0.515
0.125,0.5705,0.39,0.515
0.145,0.646,0.41,0.52
0.13,0.5545,0.39,0.52
0.12,0.664,0.39,0.525
0.135,0.615,0.38,0.525
0.14,0.654,0.4,0.525
0.12,0.5965,0.42,0.53
0.135,0.6255,0.43,0.53
0.145,0.555,0.4,0.53
0.13,0.8365,0.42,0.53
0.13,0.657,0.4,0.535
0.17,0.836,0.43,0.54
0.14,0.742,0.425,0.54
0.14,0.8195,0.43,0.54
0.14,0.6275,0.42,0.54
0.13,0.7205,0.425,0.54
0.135,0.686,0.425,0.54
0.13,0.686,0.4,0.545
0.12,0.543,0.375,0.545
0.125,0.717,0.42,0.545
0.15,0.639,0.425,0.55
0.135,0.816,0.42,0.55
0.145,0.7815,0.415,0.55
0.15,0.7665,0.425,0.55
0.13,0.5585,0.395,0.555
0.14,0.765,0.435,0.555
0.145,0.9005,0.46,0.555
0.15,0.8225,0.445,0.56
0.13,0.7235,0.44,0.56
0.155,0.743,0.42,0.565
0.17,0.848,0.435,0.57
0.145,0.833,0.43,0.57
0.155,0.867,0.445,0.57
0.145,0.7405,0.445,0.57
0.135,0.7965,0.425,0.575
0.125,0.78,0.45,0.575
0.17,0.8015,0.445,0.575
0.135,0.807,0.45,0.575
0.125,0.7095,0.445,0.58
0.145,1.022,0.45,0.59
0.145,0.9015,0.46,0.59
0.15,0.8335,0.46,0.595
0.17,0.9175,0.48,0.6
0.145,0.8025,0.47,0.605
0.125,0.9225,0.465,0.61
0.18,1.154,0.485,0.62
0.16,1.066,0.49,0.62
0.14,0.8565,0.47,0.62
0.135,0.924,0.45,0.62
0.155,1.1955,0.47,0.625
0.15,1.044,0.485,0.625
0.165,1.489,0.5,0.635
0.09,0.2315,0.175,0.275
0.1,0.394,0.245,0.375
0.12,0.5965,0.3,0.435
0.105,0.422,0.335,0.455
0.135,0.82,0.325,0.455
0.11,0.434,0.345,0.455
0.14,0.7615,0.325,0.465
0.105,0.5205,0.365,0.485
0.16,0.869,0.345,0.485
0.18,1.0835,0.385,0.535
0.165,0.8935,0.42,0.545
0.13,0.8145,0.45,0.575
0.15,0.8915,0.45,0.585
0.04,0.027,0.135,0.185
0.055,0.0555,0.18,0.24
0.075,0.1275,0.215,0.31
0.085,0.1885,0.26,0.34
0.08,0.2,0.265,0.35
0.085,0.197,0.27,0.365
0.085,0.223,0.275,0.365
0.075,0.2215,0.27,0.365
0.105,0.2665,0.31,0.39
0.09,0.269,0.3,0.405
0.095,0.2805,0.315,0.41
0.105,0.3305,0.335,0.41
0.09,0.2815,0.31,0.415
0.1,0.2805,0.31,0.415
0.095,0.311,0.31,0.415
0.1,0.368,0.325,0.42
0.1,0.3405,0.34,0.43
0.1,0.3245,0.335,0.435
0.11,0.38,0.33,0.435
0.105,0.335,0.33,0.435
0.12,0.3215,0.345,0.435
0.11,0.358,0.33,0.445
0.11,0.445,0.37,0.465
0.12,0.487,0.375,0.47
0.105,0.4535,0.34,0.475
0.13,0.568,0.385,0.485
0.12,0.5155,0.36,0.485
0.115,0.457,0.37,0.485
0.135,0.5095,0.38,0.495
0.145,0.5,0.38,0.495
0.14,0.494,0.375,0.495
0.11,0.5605,0.38,0.5
0.13,0.599,0.405,0.505
0.145,0.7045,0.4,0.505
0.135,0.7125,0.415,0.515
0.15,0.6725,0.42,0.515
0.11,0.5185,0.41,0.52
0.14,0.6375,0.415,0.52
0.125,0.5805,0.395,0.52
0.115,0.6645,0.38,0.52
0.115,0.581,0.385,0.52
0.12,0.596,0.415,0.525
0.145,0.6965,0.405,0.525
0.145,0.6095,0.4,0.525
0.14,0.677,0.43,0.53
0.16,0.7245,0.43,0.53
0.13,0.575,0.395,0.53
0.12,0.632,0.405,0.53
0.14,1.0015,0.455,0.535
0.135,0.6555,0.395,0.54
0.125,0.6255,0.39,0.54
0.14,0.8145,0.425,0.545
0.14,0.687,0.43,0.545
0.14,0.7995,0.435,0.55
0.13,0.804,0.45,0.55
0.175,0.738,0.45,0.555
0.165,0.832,0.445,0.56
0.145,0.8445,0.435,0.565
0.155,0.8715,0.46,0.565
0.135,0.8715,0.45,0.575
0.135,0.8245,0.45,0.575
0.145,0.7905,0.44,0.58
0.165,1.071,0.49,0.605
0.135,1.1,0.49,0.64
0.15,1.238,0.52,0.65
0.04,0.029,0.13,0.135
0.025,0.0195,0.11,0.16
0.055,0.0465,0.15,0.21
0.075,0.1195,0.21,0.28
0.065,0.0895,0.2,0.28
0.06,0.0935,0.215,0.285
0.07,0.1115,0.21,0.29
0.06,0.1195,0.21,0.29
0.065,0.097,0.21,0.29
0.07,0.133,0.24,0.32
0.07,0.1745,0.25,0.325
0.08,0.1695,0.25,0.335
0.08,0.17,0.235,0.35
0.07,0.1605,0.25,0.35
0.105,0.271,0.27,0.355
0.085,0.2185,0.27,0.36
0.085,0.196,0.27,0.36
0.08,0.226,0.28,0.375
0.085,0.22,0.275,0.375
0.095,0.3,0.29,0.395
0.09,0.2875,0.25,0.405
0.11,0.316,0.325,0.415
0.095,0.3675,0.315,0.425
0.11,0.3675,0.32,0.43
0.12,0.346,0.325,0.435
0.11,0.4675,0.35,0.46
0.105,0.441,0.375,0.47
0.12,0.5185,0.365,0.475
0.135,0.6855,0.455,0.51
0.06,0.086,0.19,0.255
0.065,0.1065,0.195,0.27
0.08,0.132,0.215,0.28
0.07,0.1075,0.215,0.285
0.085,0.1745,0.255,0.32
0.07,0.152,0.24,0.325
0.1,0.2755,0.28,0.385
0.1,0.293,0.295,0.395
0.09,0.312,0.31,0.405
0.12,0.336,0.305,0.415
0.115,0.355,0.315,0.42
0.115,0.379,0.305,0.44
0.12,0.378,0.32,0.445
0.09,0.4325,0.355,0.465
0.135,0.5465,0.35,0.48
0.11,0.538,0.37,0.49
0.115,0.668,0.42,0.55
0.09,0.2825,0.305,0.405
0.1,0.25,0.29,0.37
0.11,0.315,0.31,0.41
0.055,0.166,0.25,0.325
0.08,0.452,0.355,0.455
0.09,0.232,0.29,0.385
0.035,0.0105,0.095,0.13
0.045,0.0275,0.13,0.18
0.05,0.1445,0.225,0.31
0.125,0.433,0.37,0.455
0.11,0.4555,0.36,0.475
0.1,0.127,0.31,0.4
0.075,0.1735,0.24,0.32
0.11,0.3945,0.35,0.46
0.075,0.1225,0.2,0.28
0.085,0.2735,0.28,0.38
0.015,0.0145,0.115,0.165
0.03,0.0295,0.13,0.19
0.03,0.0385,0.15,0.215
0.08,0.1485,0.235,0.32
0.055,0.0605,0.17,0.215
0.11,0.3675,0.325,0.43
0.08,0.099,0.215,0.26
0.09,0.233,0.28,0.37
0.105,0.3625,0.305,0.405
0.08,0.081,0.19,0.27
0.08,0.1365,0.22,0.275
0.08,0.19,0.26,0.33
0.11,0.2235,0.28,0.355
0.075,0.086,0.2,0.275
0.11,0.444,0.335,0.46
0.1,0.2275,0.28,0.355
0.16,0.893,0.45,0.59
0.14,0.5705,0.415,0.485
0.12,0.4475,0.345,0.435
0.105,0.347,0.315,0.405
0.1,0.352,0.33,0.42
0.09,0.18,0.265,0.33
0.1,0.185,0.27,0.325
0.09,0.179,0.26,0.34
0.1,0.385,0.325,0.415
0.125,0.585,0.385,0.495
0.07,0.137,0.24,0.315
0.1,0.2875,0.31,0.4
0.105,0.306,0.325,0.395
0.145,0.5825,0.39,0.48
0.115,0.3435,0.345,0.42
0.09,0.1455,0.24,0.31
0.07,0.075,0.185,0.255
0.055,0.0235,0.125,0.17
0.17,0.9445,0.44,0.56
0.115,0.354,0.325,0.42
0.11,0.383,0.335,0.435
0.155,0.6315,0.41,0.535
0.115,0.3285,0.325,0.415
0.15,0.7365,0.43,0.525
0.135,0.567,0.35,0.47
0.14,0.6505,0.375,0.515
0.09,0.1425,0.22,0.3
0.16,1.2395,0.46,0.625
0.17,1.0385,0.475,0.61
0.155,0.972,0.465,0.625
0.19,1.3315,0.505,0.635
0.155,0.762,0.385,0.5
0.1,0.437,0.33,0.445
0.165,0.435,0.355,0.44
0.17,0.8435,0.455,0.555
0.145,1.25,0.515,0.655
0.175,1.411,0.43,0.625
0.17,1.208,0.485,0.62
0.12,0.537,0.395,0.5
0.11,0.28,0.305,0.42
0.16,0.595,0.415,0.52
0.17,0.9315,0.45,0.575
0.155,0.782,0.435,0.565
0.14,0.525,0.38,0.52
0.18,1.319,0.5,0.635
0.095,0.17,0.24,0.335
0.08,0.096,0.205,0.275
0.08,0.0995,0.2,0.325
0.065,0.092,0.2,0.275
0.065,0.0625,0.17,0.235
0.06,0.073,0.18,0.25
0.065,0.071,0.185,0.25
0.05,0.036,0.145,0.2
0.09,0.1925,0.26,0.355
0.1,0.2865,0.31,0.42
0.07,0.109,0.21,0.285
0.075,0.127,0.23,0.3
0.105,0.2885,0.24,0.31
0.075,0.18,0.255,0.34
0.075,0.144,0.3,0.375
0.1,0.4665,0.325,0.415
0.105,0.33,0.315,0.415
0.09,0.3625,0.315,0.415
0.1,0.34,0.32,0.42
0.105,0.365,0.31,0.425
0.11,0.5555,0.37,0.47
0.12,0.53,0.365,0.475
0.185,0.6125,0.39,0.505
0.215,1.786,0.525,0.66
0.065,0.04,0.15,0.205
0.07,0.0565,0.17,0.225
0.05,0.064,0.18,0.23
0.07,0.0875,0.195,0.275
0.055,0.106,0.21,0.28
0.08,0.1315,0.22,0.28
0.07,0.126,0.22,0.295
0.075,0.155,0.225,0.31
0.07,0.149,0.235,0.315
0.07,0.185,0.265,0.34
0.08,0.2545,0.29,0.37
0.085,0.237,0.285,0.38
0.1,0.279,0.295,0.39
0.065,0.3205,0.31,0.405
0.1,0.3335,0.325,0.415
0.11,0.3885,0.335,0.44
0.115,0.545,0.345,0.44
0.1,0.4165,0.325,0.44
0.12,0.495,0.355,0.44
0.125,0.4775,0.35,0.45
0.12,0.468,0.35,0.45
0.12,0.4155,0.345,0.46
0.115,0.4215,0.345,0.46
0.11,0.474,0.355,0.465
0.11,0.5735,0.385,0.475
0.105,0.468,0.355,0.475
0.11,0.494,0.38,0.5
0.12,0.6005,0.385,0.505
0.05,0.049,0.16,0.22
0.07,0.1055,0.205,0.275
0.06,0.1045,0.21,0.29
0.075,0.163,0.24,0.33
0.095,0.2275,0.285,0.355
0.1,0.219,0.29,0.375
0.1,0.3645,0.315,0.415
0.115,0.3265,0.33,0.425
0.1,0.3515,0.34,0.425
0.1,0.3465,0.32,0.43
0.1,0.407,0.34,0.44
0.115,0.4215,0.335,0.44
0.11,0.3755,0.345,0.46
0.12,0.5335,0.37,0.46
0.105,0.442,0.355,0.465
0.1,0.1315,0.365,0.475
0.115,0.5205,0.375,0.475
0.13,0.5535,0.375,0.485
0.125,0.5445,0.375,0.49
0.12,0.512,0.38,0.495
0.125,0.583,0.39,0.5
0.155,0.5395,0.395,0.51
0.15,0.625,0.385,0.51
0.125,0.5925,0.4,0.515
0.135,0.633,0.395,0.52
0.13,0.636,0.42,0.55
0.13,0.648,0.425,0.555
0.03,0.0315,0.14,0.19
0.045,0.04,0.15,0.21
0.06,0.0635,0.175,0.25
0.065,0.0985,0.215,0.29
0.08,0.167,0.25,0.335
0.085,0.2015,0.245,0.34
0.095,0.183,0.255,0.345
0.08,0.187,0.255,0.355
0.08,0.1795,0.26,0.36
0.09,0.2065,0.275,0.37
0.14,0.3,0.29,0.375
0.095,0.2295,0.275,0.375
0.125,0.343,0.3,0.385
0.085,0.244,0.285,0.385
0.1,0.3075,0.32,0.395
0.1,0.3415,0.305,0.4
0.1,0.271,0.305,0.405
0.11,0.91,0.31,0.405
0.1,0.268,0.305,0.405
0.09,0.2885,0.3,0.405
0.1,0.3,0.315,0.41
0.11,0.326,0.325,0.41
0.1,0.358,0.335,0.415
0.115,0.314,0.325,0.42
0.11,0.4025,0.315,0.42
0.11,0.3645,0.34,0.43
0.11,0.4235,0.36,0.445
0.095,0.3505,0.335,0.45
0.115,0.486,0.34,0.455
0.1,0.471,0.35,0.46
0.105,0.415,0.345,0.46
0.115,0.5195,0.355,0.475
0.125,0.5215,0.38,0.485
0.14,0.4475,0.365,0.485
0.125,0.5585,0.365,0.49
0.125,0.596,0.385,0.505
0.135,0.5385,0.38,0.505
0.145,0.7665,0.385,0.51
0.11,0.531,0.39,0.515
0.13,0.607,0.385,0.525
0.13,0.6445,0.4,0.525
0.12,0.6315,0.375,0.525
0.145,0.712,0.43,0.55
0.145,0.89,0.425,0.55
0.155,0.912,0.42,0.55
0.135,0.656,0.425,0.55
0.15,0.936,0.465,0.55
0.145,0.6975,0.435,0.555
0.14,0.825,0.44,0.56
0.135,0.72,0.435,0.56
0.15,0.8215,0.43,0.565
0.145,0.8465,0.46,0.585
0.145,0.6735,0.42,0.585
0.05,0.0545,0.17,0.24
0.055,0.0725,0.195,0.255
0.055,0.0925,0.2,0.275
0.09,0.183,0.235,0.32
0.075,0.1525,0.24,0.325
0.075,0.187,0.225,0.33
0.09,0.232,0.27,0.36
0.095,0.196,0.265,0.375
0.09,0.2545,0.285,0.375
0.09,0.2625,0.29,0.39
0.105,0.362,0.335,0.45
0.105,0.4445,0.35,0.455
0.115,0.511,0.365,0.46
0.12,0.589,0.375,0.495
0.12,0.529,0.375,0.5
0.145,0.77,0.395,0.52
0.07,0.1245,0.23,0.31
0.075,0.1285,0.235,0.315
0.08,0.181,0.205,0.32
0.075,0.1585,0.25,0.325
0.09,0.1965,0.26,0.335
0.085,0.198,0.28,0.37
0.09,0.1855,0.27,0.37
0.085,0.2145,0.28,0.375
0.09,0.3245,0.315,0.4
0.095,0.2625,0.305,0.41
0.1,0.371,0.34,0.425
0.095,0.298,0.335,0.435
0.09,0.336,0.31,0.445
0.14,0.447,0.36,0.46
0.13,0.587,0.385,0.47
0.11,0.494,0.375,0.475
0.12,0.614,0.375,0.495
0.13,0.5075,0.39,0.5
0.12,0.5445,0.37,0.5
0.125,0.6115,0.425,0.505
0.125,0.5605,0.4,0.505
0.145,0.5775,0.4,0.51
0.125,0.5935,0.4,0.51
0.11,0.597,0.4,0.52
0.125,0.616,0.38,0.53
0.13,0.8155,0.425,0.54
0.11,0.619,0.415,0.54
0.13,0.7595,0.43,0.545
0.15,0.742,0.43,0.545
0.165,0.804,0.435,0.55
0.13,0.664,0.425,0.55
0.13,0.728,0.43,0.56
0.13,0.777,0.435,0.56
0.16,0.9895,0.455,0.575
0.135,0.855,0.45,0.585
0.125,0.755,0.46,0.59
0.145,0.9745,0.475,0.59
0.135,0.9205,0.445,0.6
0.155,0.9995,0.48,0.605
0.155,1.0485,0.425,0.61
0.16,1.1545,0.49,0.61
0.175,1.2565,0.485,0.67
0.095,0.305,0.215,0.32
0.115,0.4295,0.345,0.43
0.1,0.449,0.33,0.43
0.115,0.5745,0.37,0.5
0.135,0.775,0.4,0.535
0.165,0.9845,0.43,0.595
0.065,0.074,0.185,0.255
0.08,0.2075,0.26,0.375
0.09,0.237,0.285,0.375
0.1,0.2665,0.3,0.39
0.09,0.215,0.28,0.39
0.09,0.253,0.3,0.395
0.11,0.309,0.32,0.42
0.105,0.3535,0.335,0.435
0.105,0.335,0.325,0.435
0.105,0.3875,0.32,0.44
0.115,0.365,0.33,0.45
0.125,0.4045,0.34,0.45
0.105,0.372,0.355,0.455
0.11,0.3965,0.37,0.46
0.125,0.5225,0.375,0.47
0.11,0.456,0.375,0.475
0.1,0.44,0.33,0.495
0.115,0.507,0.375,0.495
0.135,0.5285,0.38,0.5
0.125,0.572,0.385,0.515
0.14,0.6625,0.41,0.52
0.115,0.6445,0.395,0.52
0.11,0.6275,0.4,0.525
0.145,0.6885,0.42,0.535
0.15,0.6755,0.405,0.55
0.145,0.783,0.445,0.55
0.135,0.768,0.44,0.565
0.13,0.7425,0.43,0.575
0.16,0.9175,0.445,0.575
0.145,0.974,0.47,0.59
0.16,0.907,0.475,0.62
0.05,0.0515,0.17,0.225
0.05,0.057,0.17,0.23
0.06,0.0925,0.185,0.255
0.075,0.204,0.27,0.355
0.095,0.3075,0.31,0.425
0.085,0.262,0.32,0.425
0.06,0.1115,0.215,0.29
0.065,0.1235,0.22,0.3
0.1,0.2815,0.275,0.37
0.08,0.226,0.285,0.375
0.085,0.2285,0.29,0.38
0.12,0.2995,0.3,0.395
0.105,0.361,0.325,0.41
0.115,0.3045,0.32,0.415
0.105,0.3975,0.325,0.425
0.1,0.379,0.34,0.44
0.12,0.4995,0.34,0.44
0.09,0.1835,0.26,0.335
0.08,0.033,0.135,0.18
0.055,0.059,0.165,0.215
0.04,0.046,0.15,0.2
0.065,0.1165,0.2,0.275
0.12,0.61,0.405,0.51
0.07,0.102,0.195,0.27
0.025,0.0345,0.145,0.2
0.075,0.1495,0.245,0.325
0.075,0.1515,0.235,0.31
0.075,0.116,0.215,0.295
0.125,0.523,0.38,0.48
0.08,0.1565,0.25,0.32
0.125,0.384,0.34,0.43
0.12,0.375,0.35,0.44
0.125,0.3915,0.325,0.42
0.1,0.2225,0.285,0.345
0.125,0.533,0.375,0.455
0.105,0.366,0.35,0.43
0.075,0.15,0.23,0.3
0.175,1.057,0.445,0.6
0.115,0.2595,0.3,0.41
0.12,0.5085,0.355,0.485
0.115,0.4385,0.355,0.45
0.14,0.5425,0.385,0.49
0.1,0.2565,0.28,0.375
0.135,0.8095,0.415,0.55
0.2,1.3655,0.48,0.635
0.17,0.967,0.475,0.575
0.125,0.4895,0.34,0.44
0.125,0.45,0.36,0.45
0.105,0.259,0.3,0.39
0.18,1.6935,0.525,0.66
0.145,0.97,0.435,0.54
0.145,0.515,0.38,0.495
0.16,0.51,0.4,0.47
0.115,0.683,0.385,0.49
0.105,0.468,0.375,0.47
0.13,0.4075,0.345,0.445
0.14,0.4545,0.365,0.475
0.11,0.407,0.34,0.435
0.1,0.3085,0.3,0.39
0.1,0.239,0.285,0.375
0.17,1.178,0.445,0.58
0.15,0.7585,0.405,0.54
0.115,0.3625,0.31,0.44
0.195,1.0885,0.465,0.59
0.165,1.097,0.48,0.61
0.17,1.278,0.46,0.61
0.135,0.522,0.33,0.44
0.09,0.127,0.235,0.31
0.07,0.0815,0.19,0.255
0.08,0.1,0.21,0.295
0.045,0.0265,0.13,0.19
0.11,0.209,0.265,0.35
0.075,0.1765,0.25,0.34
0.075,0.196,0.28,0.35
0.08,0.192,0.265,0.35
0.09,0.3095,0.315,0.39
0.095,0.313,0.31,0.395
0.105,0.3595,0.31,0.415
0.1,0.3855,0.32,0.43
0.115,0.5785,0.355,0.48
0.065,0.0805,0.18,0.25
0.065,0.111,0.21,0.28
0.075,0.152,0.24,0.325
0.095,0.199,0.265,0.35
0.09,0.219,0.27,0.36
0.105,0.2155,0.27,0.365
0.09,0.2565,0.28,0.37
0.09,0.257,0.285,0.375
0.095,0.2505,0.275,0.38
0.09,0.279,0.3,0.395
0.105,0.378,0.335,0.43
0.125,0.456,0.35,0.44
0.1,0.5055,0.37,0.465
0.1,0.513,0.37,0.485
0.145,0.578,0.4,0.495
0.11,0.596,0.385,0.5
0.05,0.021,0.12,0.165
0.055,0.0455,0.15,0.21
0.085,0.2435,0.265,0.355
0.085,0.2675,0.315,0.4
0.1,0.258,0.29,0.4
0.11,0.2985,0.3,0.4
0.11,0.411,0.335,0.435
0.11,0.38,0.33,0.44
0.105,0.4385,0.34,0.45
0.105,0.4015,0.345,0.465
0.145,0.4485,0.355,0.47
0.115,0.4155,0.355,0.47
0.16,0.7095,0.42,0.475
0.115,0.637,0.37,0.485
0.13,0.599,0.405,0.51
0.13,0.5345,0.38,0.52
0.055,0.041,0.15,0.215
0.06,0.0655,0.185,0.24
0.07,0.097,0.205,0.26
0.085,0.131,0.24,0.32
0.085,0.1695,0.23,0.33
0.085,0.192,0.26,0.335
0.09,0.1765,0.26,0.35
0.085,0.1735,0.265,0.35
0.075,0.1785,0.265,0.36
0.09,0.2055,0.265,0.36
0.09,0.2345,0.275,0.365
0.09,0.2305,0.285,0.38
0.115,0.314,0.31,0.4
0.09,0.33,0.315,0.4
0.1,0.2775,0.265,0.4
0.11,0.405,0.325,0.425
0.105,0.309,0.325,0.43
0.12,0.396,0.34,0.435
0.095,0.3615,0.355,0.445
0.11,0.514,0.35,0.45
0.11,0.4265,0.435,0.455
0.09,0.384,0.34,0.46
0.125,0.4865,0.355,0.475
0.135,0.4355,0.36,0.475
0.115,0.498,0.35,0.475
0.125,0.494,0.355,0.48
0.125,0.528,0.365,0.5
0.135,0.636,0.4,0.515
0.105,0.567,0.39,0.525
0.13,0.6615,0.405,0.53
0.13,0.658,0.42,0.53
0.13,0.6075,0.41,0.535
0.135,0.7025,0.41,0.54
0.155,0.8725,0.425,0.55
0.13,0.7745,0.42,0.57
0.155,0.8725,0.455,0.575
0.125,0.8515,0.44,0.575
0.14,0.9265,0.46,0.58
0.14,0.8295,0.46,0.58
0.15,0.907,0.47,0.58
0.15,1.0315,0.465,0.63
0.04,0.028,0.125,0.175
0.095,0.226,0.285,0.37
0.09,0.2855,0.3,0.395
0.11,0.325,0.325,0.42
0.11,0.514,0.37,0.455
0.115,0.5755,0.375,0.495
0.05,0.084,0.205,0.27
0.07,0.1005,0.225,0.285
0.085,0.1285,0.22,0.295
0.075,0.1345,0.225,0.3
0.065,0.1195,0.22,0.3
0.085,0.1895,0.265,0.36
0.095,0.257,0.275,0.37
0.09,0.2745,0.29,0.39
0.1,0.342,0.325,0.435
0.105,0.344,0.34,0.44
0.095,0.3275,0.32,0.44
0.12,0.4035,0.345,0.445
0.115,0.4075,0.37,0.465
0.12,0.4975,0.355,0.465
0.12,0.3685,0.345,0.47
0.105,0.4175,0.365,0.475
0.1,0.4425,0.335,0.475
0.125,0.4225,0.35,0.475
0.125,0.426,0.365,0.485
0.12,0.511,0.39,0.49
0.13,0.573,0.405,0.515
0.14,0.6385,0.415,0.52
0.125,0.657,0.405,0.525
0.13,0.781,0.425,0.53
0.14,0.6765,0.42,0.53
0.125,0.6235,0.395,0.53
0.155,0.8075,0.45,0.535
0.15,0.7915,0.415,0.55
0.14,0.753,0.45,0.55
0.135,0.717,0.4,0.55
0.15,0.783,0.43,0.555
0.145,0.872,0.45,0.575
0.15,0.983,0.44,0.575
0.14,0.7635,0.46,0.585
0.135,0.9365,0.47,0.595
0.155,0.966,0.47,0.62
0.16,1.15,0.485,0.625
0.17,1.217,0.49,0.63
0.075,0.1585,0.13,0.235
0.1,0.4015,0.25,0.35
0.115,0.465,0.25,0.36
0.095,0.2885,0.28,0.38
0.105,0.452,0.36,0.465
0.12,0.4915,0.355,0.47
0.145,0.7865,0.395,0.5
0.15,0.8415,0.375,0.51
0.065,0.101,0.205,0.275
0.07,0.106,0.205,0.285
0.085,0.1865,0.265,0.36
0.1,0.2575,0.29,0.385
0.1,0.3225,0.315,0.4
0.095,0.32,0.33,0.43
0.11,0.4155,0.375,0.435
0.115,0.3935,0.335,0.45
0.135,0.4775,0.355,0.475
0.11,0.452,0.36,0.475
0.14,0.5065,0.37,0.485
0.105,0.5525,0.395,0.51
0.12,0.565,0.39,0.515
0.14,0.699,0.41,0.52
0.14,0.6055,0.4,0.525
0.115,0.475,0.395,0.53
0.15,0.612,0.41,0.53
0.145,0.705,0.4,0.535
0.135,0.728,0.45,0.535
0.125,0.6545,0.43,0.565
0.145,0.795,0.45,0.575
0.14,0.701,0.42,0.58
0.125,0.86,0.45,0.59
0.18,1.1305,0.48,0.62
0.045,0.0495,0.155,0.205
0.075,0.1455,0.23,0.305
0.06,0.129,0.23,0.32
0.1,0.2255,0.27,0.355
0.095,0.3505,0.31,0.425
0.125,0.5655,0.4,0.525
0.095,0.221,0.26,0.35
0.095,0.2425,0.275,0.38
0.1,0.386,0.34,0.46
0.035,0.034,0.105,0.17
0.095,0.185,0.25,0.335
0.085,0.2045,0.275,0.37
0.085,0.1785,0.255,0.335
0.065,0.1385,0.235,0.32
0.075,0.1405,0.25,0.33
0.1,0.286,0.3,0.38
0.075,0.152,0.225,0.29
0.105,0.335,0.33,0.41
0.125,0.4075,0.355,0.435
0.035,0.0145,0.105,0.14
0.02,0.018,0.12,0.16
0.15,0.6275,0.39,0.48
0.135,0.441,0.365,0.455
0.1,0.216,0.27,0.355
0.14,0.6765,0.405,0.52
0.145,0.757,0.4,0.54
0.14,0.7325,0.39,0.52
0.165,1.0285,0.445,0.56
0.19,1.066,0.46,0.615
0.135,0.8545,0.43,0.565
0.14,0.6955,0.4,0.525
0.16,0.728,0.42,0.58
0.155,0.6675,0.38,0.5
0.22,2.0495,0.55,0.725
0.165,0.8605,0.44,0.55
0.06,0.058,0.18,0.235
0.08,0.0645,0.175,0.235
0.065,0.0615,0.175,0.235
0.08,0.18,0.235,0.315
0.12,0.5805,0.355,0.465
0.12,0.591,0.385,0.49
0.075,0.118,0.205,0.27
0.06,0.099,0.19,0.27
0.07,0.1365,0.22,0.295
0.065,0.1295,0.22,0.295
0.07,0.164,0.23,0.315
0.095,0.2875,0.29,0.375
0.09,0.277,0.3,0.38
0.09,0.248,0.285,0.385
0.095,0.252,0.295,0.4
0.1,0.3905,0.33,0.415
0.115,0.409,0.32,0.42
0.135,0.4095,0.33,0.44
0.135,0.494,0.35,0.45
0.12,0.4905,0.35,0.475
0.15,0.8915,0.435,0.58
0.045,0.032,0.135,0.185
0.055,0.0785,0.175,0.245
0,0.134,0.23,0.315
0.09,0.2075,0.27,0.36
0.08,0.2235,0.28,0.375
0.095,0.34,0.31,0.415
0.135,0.5365,0.35,0.455
0.105,0.635,0.35,0.48
0.125,0.562,0.375,0.485
0.125,0.597,0.39,0.51
0.07,0.096,0.2,0.275
0.065,0.1445,0.245,0.33
0.085,0.1965,0.26,0.33
0.09,0.196,0.28,0.365
0.09,0.2155,0.27,0.365
0.1,0.2805,0.31,0.42
0.11,0.334,0.335,0.435
0.1,0.366,0.325,0.435
0.11,0.4965,0.325,0.44
0.09,0.651,0.365,0.485
0.125,0.5125,0.385,0.495
0.14,0.5995,0.41,0.52
0.14,0.74,0.42,0.54
0.155,0.702,0.415,0.54
0.125,0.672,0.445,0.55
0.155,0.811,0.44,0.56
0.15,0.858,0.45,0.575
0.13,0.658,0.405,0.545
0.08,0.2325,0.275,0.37
0.085,0.317,0.31,0.395
0.115,0.318,0.3,0.4
0.1,0.2645,0.305,0.41
0.105,0.4055,0.335,0.455
0.125,0.524,0.335,0.48
0.11,0.464,0.375,0.485
0.12,0.439,0.36,0.5
0.125,0.5805,0.395,0.515
0.14,0.622,0.4,0.52
0.14,0.772,0.43,0.545
0.125,0.741,0.435,0.55
0.125,0.7005,0.43,0.555
0.15,1.1815,0.465,0.565
0.155,0.984,0.475,0.595
0.1,0.3415,0.305,0.42
0.1,0.519,0.35,0.48
0.14,0.7165,0.4,0.515
0.14,0.837,0.42,0.56
0.05,0.1185,0.215,0.3
0.13,0.4725,0.35,0.455
0.11,0.4495,0.365,0.46
0.115,0.557,0.375,0.49
0.12,0.516,0.385,0.5
0.135,0.709,0.415,0.54
0.11,0.7935,0.445,0.55
0.14,0.7655,0.425,0.57
0.145,0.83,0.425,0.58
0.17,0.985,0.47,0.585
0.07,0.124,0.215,0.28
0.08,0.14,0.23,0.33
0.075,0.1695,0.25,0.35
0.09,0.218,0.28,0.37
0.115,0.384,0.315,0.43
0.095,0.393,0.33,0.435
0.11,0.3805,0.35,0.44
0.11,0.4495,0.355,0.48
0.085,0.344,0.31,0.39
0.1,0.2845,0.29,0.39
0.085,0.3035,0.3,0.405
0.115,0.499,0.365,0.475
0.095,0.514,0.365,0.455
0.09,0.2255,0.265,0.35
0.125,0.516,0.365,0.44
0.125,0.5095,0.37,0.475
0.11,0.406,0.35,0.43
0.135,0.5415,0.38,0.49
0.13,0.6645,0.4,0.5
0.08,0.2555,0.295,0.365
0.1,0.381,0.32,0.45
0.095,0.2455,0.28,0.355
0.14,0.931,0.445,0.59
0.18,0.9365,0.475,0.605
0.14,0.8635,0.425,0.575
0.165,0.9975,0.47,0.58
0.165,1.338,0.525,0.665
0.105,0.4795,0.355,0.465
0.09,0.3275,0.29,0.355
0.12,0.5795,0.37,0.47
0.095,0.303,0.32,0.4
0.13,0.5415,0.36,0.485
0.1,0.385,0.31,0.405
0.12,0.4425,0.35,0.445
0.135,0.5895,0.385,0.47
0.105,0.4115,0.345,0.45
0.11,0.625,0.405,0.505
0.095,0.3785,0.325,0.425
0.12,0.58,0.4,0.52
0.12,0.48,0.355,0.475
0.13,0.7665,0.425,0.555
0.175,1.185,0.48,0.57
0.14,0.944,0.475,0.595
0.175,1.615,0.51,0.62
0.16,1.3175,0.475,0.595
0.14,1.013,0.45,0.58
0.14,1.195,0.465,0.625
0.16,0.8645,0.44,0.56
0.135,0.8115,0.425,0.565
0.15,0.755,0.44,0.555
0.175,1.115,0.465,0.595
0.19,1.494,0.56,0.695
0.195,1.606,0.535,0.665
0.15,0.725,0.435,0.535
0.13,0.523,0.375,0.47
0.13,0.5225,0.37,0.47
0.145,0.843,0.435,0.55
0.16,0.883,0.435,0.53
0.14,0.724,0.415,0.53
0.16,1.1735,0.47,0.605
0.125,0.5415,0.395,0.495
0.105,0.431,0.36,0.465
0.105,0.393,0.35,0.425
0.105,0.402,0.34,0.44
0.085,0.2605,0.305,0.405
0.075,0.214,0.265,0.37
0.16,1.7255,0.535,0.7
0.165,1.959,0.54,0.71
0.165,1.262,0.48,0.595
0.09,0.2005,0.255,0.345
0.095,0.253,0.285,0.375
0.19,1.3445,0.52,0.65
0.155,0.797,0.455,0.56
0.13,0.5175,0.375,0.475
0.12,0.515,0.35,0.46
0.145,1.053,0.475,0.59
0.13,0.722,0.405,0.515
0.215,1.514,0.485,0.645
0.165,1.056,0.465,0.605
0.175,1.2445,0.485,0.61
0.19,2.55,0.57,0.725
0.22,1.981,0.56,0.705
0.215,1.9565,0.55,0.695
0.155,1.065,0.435,0.525
0.15,0.97,0.475,0.58
0.18,0.9395,0.48,0.57
0.175,1.368,0.51,0.64
0.19,1.218,0.49,0.62
0.18,1.1595,0.48,0.615
0.17,1.0225,0.485,0.61
0.15,0.927,0.45,0.58
0.155,0.772,0.405,0.5
0.185,1.3035,0.5,0.64
0.16,0.922,0.45,0.56
0.185,0.922,0.46,0.585
0.165,0.825,0.4,0.5
0.115,0.369,0.335,0.42
0.09,0.181,0.25,0.335
0.14,0.6155,0.405,0.5
0.14,0.8025,0.405,0.55
0.13,0.46,0.35,0.45
0.135,0.501,0.36,0.47
0.135,0.836,0.445,0.555
0.175,0.9025,0.44,0.565
0.215,1.4455,0.505,0.625
0.16,0.9425,0.425,0.565
0.18,1.1235,0.47,0.59
0.165,1.2415,0.495,0.6
0.175,1.011,0.45,0.56
0.185,1.07,0.45,0.56
0.16,0.8975,0.46,0.545
0.165,0.8945,0.42,0.53
0.08,0.1205,0.2,0.27
0.15,0.895,0.45,0.52
0.11,0.2925,0.275,0.35
0.15,0.6355,0.39,0.47
0.2,1.187,0.5,0.59
0.205,1.219,0.485,0.62
0.225,1.525,0.505,0.63
0.155,1.259,0.515,0.63
0.215,1.844,0.54,0.655
0.24,1.642,0.5,0.61
0.205,1.484,0.525,0.635
0.14,0.6295,0.395,0.485
0.175,0.9565,0.38,0.515
0.155,0.699,0.435,0.53
0.125,0.4775,0.355,0.44
0.18,0.996,0.435,0.54
0.165,1.116,0.475,0.61
0.195,1.0575,0.495,0.6
0.14,0.549,0.395,0.49
0.105,0.234,0.28,0.37
0.1,0.252,0.28,0.37
0.1,0.217,0.27,0.36
0.24,1.5415,0.515,0.645
0.125,0.7605,0.41,0.55
0.145,0.9055,0.435,0.57
0.14,0.971,0.44,0.56
0.195,1.3305,0.455,0.595
0.175,1.3,0.485,0.63
0.1,0.3675,0.35,0.45
0.1,0.2845,0.31,0.385
0.105,0.222,0.265,0.335
0.13,0.6435,0.4,0.51
0.105,0.241,0.295,0.36
0.155,0.5955,0.38,0.5
0.19,1.3415,0.465,0.62
0.19,1.0875,0.475,0.6
0.185,1.283,0.45,0.59
0.185,1.325,0.475,0.62
0.145,1.165,0.455,0.575
0.185,1.274,0.465,0.62
0.14,0.707,0.39,0.49
0.15,1.2,0.48,0.61
0.14,0.9535,0.46,0.57
0.17,0.93,0.455,0.58
0.17,1.275,0.515,0.635
0.205,2.13,0.58,0.7
0.185,1.587,0.525,0.675
0.215,2.499,0.585,0.745
0.18,1.227,0.49,0.605
0.16,1.016,0.515,0.63
0.145,0.887,0.465,0.58
0.18,1.13,0.49,0.63
0.15,1.343,0.52,0.685
0.19,1.1775,0.49,0.63
0.175,0.995,0.465,0.565
0.18,1.1405,0.47,0.605
0.145,0.791,0.42,0.535
0.135,0.663,0.4,0.485
0.12,0.5565,0.375,0.47
0.135,0.8445,0.425,0.545
0.155,0.7385,0.42,0.54
0.135,0.482,0.38,0.46
0.125,0.609,0.42,0.49
0.125,0.593,0.375,0.475
0.145,0.5865,0.38,0.47
0.15,0.6765,0.44,0.535
0.15,0.987,0.455,0.585
0.135,0.7225,0.455,0.515
0.115,0.479,0.355,0.45
0.12,0.911,0.485,0.59
0.145,0.915,0.45,0.555
0.095,0.827,0.44,0.57
0.165,1.1045,0.5,0.59
0.12,0.945,0.475,0.585
0.12,0.8565,0.44,0.545
0.165,1.352,0.515,0.63
0.14,0.625,0.41,0.545
0.175,1.068,0.45,0.58
0.16,1.015,0.5,0.6
0.155,1.036,0.47,0.6
0.17,0.9065,0.455,0.565
0.14,0.7505,0.42,0.545
0.15,0.662,0.41,0.5
0.09,0.3055,0.3,0.39
0.165,0.6885,0.415,0.5
0.185,0.9815,0.435,0.565
0.185,0.9265,0.455,0.565
0.175,1.098,0.5,0.605
0.215,1.891,0.565,0.725
0.14,0.8375,0.47,0.575
0.1,0.2665,0.285,0.38
0.195,1.388,0.53,0.655
0.2,1.4385,0.555,0.675
0.175,0.7395,0.415,0.53
0.175,1.347,0.54,0.665
0.225,1.756,0.59,0.735
0.185,1.32,0.545,0.66
0.155,0.9325,0.4,0.575
0.125,0.849,0.465,0.57
0.145,1.0115,0.48,0.63
0.13,0.92,0.45,0.55
0.135,0.8075,0.42,0.54
0.145,1.073,0.455,0.59
0.13,0.921,0.46,0.58
0.175,1.2635,0.53,0.655
0.195,1.369,0.5,0.625
0.175,0.874,0.45,0.555
0.175,1.105,0.47,0.6
0.235,0.8395,0.46,0.56
0.225,1.055,0.455,0.585
0.18,0.889,0.435,0.56
0.085,0.146,0.22,0.31
0.08,0.1,0.195,0.27
0.115,0.2795,0.29,0.4
0.08,0.0915,0.2,0.28
0.09,0.147,0.23,0.325
0.05,0.0385,0.15,0.21
0.055,0.035,0.14,0.2
0.06,0.0545,0.16,0.235
0.04,0.024,0.125,0.175
0.04,0.0155,0.11,0.155
0.095,0.24,0.3,0.385
0.075,0.1165,0.23,0.29
0.07,0.094,0.205,0.275
0.115,0.2885,0.325,0.42
0.115,0.3615,0.35,0.445
0.075,0.1555,0.245,0.32
0.065,0.08,0.195,0.255
0.045,0.0425,0.155,0.205
0.065,0.179,0.255,0.35
0.08,0.1085,0.21,0.28
0.14,0.4625,0.335,0.45
0.15,0.6995,0.42,0.535
0.09,0.195,0.27,0.345
0.1,0.228,0.285,0.37
0.09,0.1775,0.265,0.35
0.05,0.032,0.145,0.195
0.075,0.155,0.24,0.325
0.135,0.3865,0.345,0.415
0.085,0.17,0.24,0.32
0.075,0.1295,0.225,0.31
0.055,0.0515,0.17,0.235
0.08,0.169,0.255,0.345
0.085,0.1835,0.265,0.34
0.125,0.467,0.365,0.46
0.1,0.2105,0.295,0.36
0.09,0.168,0.265,0.355
0.1,0.258,0.235,0.38
0.085,0.1905,0.26,0.355
0.085,0.173,0.24,0.325
0.095,0.1875,0.255,0.33
0.13,0.3715,0.34,0.45
0.075,0.1145,0.215,0.33
0.145,0.777,0.375,0.48
0.065,0.079,0.18,0.255
0.08,0.1345,0.225,0.31
0.075,0.129,0.215,0.295
0.12,0.4835,0.35,0.455
0.155,0.9175,0.425,0.55
0.145,0.6175,0.385,0.475
0.15,0.573,0.39,0.49
0.145,0.74,0.415,0.54
0.14,0.5725,0.37,0.485
0.185,0.8345,0.405,0.535
0.14,0.6515,0.4,0.51
0.185,0.909,0.44,0.565
0.17,0.7305,0.4,0.525
0.15,0.9555,0.44,0.59
0.15,0.636,0.375,0.5
0.12,0.283,0.29,0.38
0.1,0.1165,0.205,0.28
0.105,0.2905,0.285,0.385
0.115,0.316,0.295,0.395
0.125,0.417,0.3,0.4
0.14,0.417,0.325,0.415
0.09,0.203,0.25,0.315
0.13,0.2765,0.295,0.36
0.1,0.2465,0.3,0.375
0.085,0.201,0.265,0.355
0.08,0.1915,0.255,0.35
0.16,1.0575,0.455,0.555
0.15,1.092,0.44,0.555
0.13,0.99,0.41,0.525
0.08,0.488,0.36,0.465
0.085,0.297,0.305,0.4
0.125,0.77,0.4,0.505
0.13,0.8295,0.4,0.525
0.13,0.879,0.42,0.545
0.12,0.823,0.4,0.52
0.13,0.656,0.38,0.505
0.12,0.8665,0.425,0.525
0.125,0.6565,0.39,0.51
0.115,0.669,0.385,0.52
0.135,0.862,0.41,0.535
0.09,0.3795,0.345,0.445
0.205,0.835,0.44,0.53
0.13,0.8425,0.415,0.53
0.14,0.6595,0.385,0.52
0.13,0.8055,0.42,0.535
0.175,1.5165,0.515,0.695
0.12,0.547,0.355,0.485
0.175,1.4805,0.515,0.65
0.185,1.5275,0.505,0.62
0.155,1.1375,0.525,0.615
0.155,1.116,0.44,0.57
0.12,1.0615,0.43,0.57
0.15,1.2565,0.405,0.585
0.19,1.613,0.51,0.64
0.15,0.978,0.45,0.545
0.095,0.197,0.27,0.345
0.115,0.2685,0.275,0.385
0.135,0.462,0.34,0.455
0.14,0.7605,0.38,0.49
0.165,0.732,0.41,0.53
0.145,0.6775,0.385,0.505
0.14,0.6385,0.38,0.49
0.14,0.5755,0.35,0.465
0.165,0.93,0.41,0.56
0.15,0.6415,0.385,0.505
0.145,0.8815,0.435,0.515
0.175,1.042,0.415,0.55
0.135,0.709,0.385,0.495
0.18,0.51,0.37,0.47
0.165,0.9215,0.45,0.575
0.16,1.0345,0.465,0.58
0.145,0.695,0.405,0.515
0.155,0.7155,0.41,0.53
0.11,0.394,0.335,0.44
0.16,0.745,0.42,0.52
0.135,0.495,0.34,0.46
0.125,0.349,0.335,0.45
0.13,0.4405,0.33,0.425
0.135,0.6615,0.38,0.515
0.12,0.3185,0.305,0.405
0.14,0.875,0.405,0.505
0.1,0.325,0.305,0.415
0.12,0.5805,0.375,0.47
0.125,0.609,0.385,0.49
0.125,0.5975,0.4,0.5
0.14,0.8275,0.44,0.505
0.13,0.7635,0.395,0.525
0.125,0.891,0.405,0.54
0.15,1.0145,0.45,0.55
0.145,0.9685,0.435,0.555
0.155,1.0595,0.45,0.565
0.15,0.952,0.455,0.57
0.13,0.7535,0.435,0.57
0.165,1.077,0.475,0.59
0.13,1.102,0.46,0.59
0.175,1.3445,0.475,0.6
0.175,1.29,0.495,0.6
0.16,1.1035,0.455,0.605
0.15,1.296,0.51,0.615
0.165,1.34,0.505,0.615
0.165,1.307,0.5,0.62
0.165,1.26,0.505,0.63
0.17,1.3555,0.51,0.635
0.175,1.4715,0.525,0.65
0.165,1.4095,0.52,0.655
0.205,2.0805,0.58,0.655
0.17,1.3905,0.53,0.66
0.19,1.558,0.52,0.66
0.23,2.8255,0.595,0.73
0.12,0.612,0.365,0.47
0.125,0.537,0.37,0.475
0.115,0.6765,0.375,0.48
0.145,0.64,0.385,0.48
0.1,0.439,0.36,0.48
0.12,0.6015,0.365,0.48
0.125,0.649,0.385,0.49
0.135,0.6335,0.395,0.495
0.135,0.61,0.4,0.495
0.135,0.6595,0.39,0.5
0.135,0.6425,0.385,0.5
0.125,0.6725,0.4,0.5
0.125,0.642,0.41,0.505
0.135,0.769,0.39,0.51
0.15,0.7035,0.405,0.51
0.145,0.796,0.41,0.51
0.155,0.7125,0.39,0.515
0.14,0.7325,0.4,0.525
0.125,0.6515,0.405,0.53
0.14,0.7165,0.43,0.535
0.14,0.874,0.435,0.535
0.155,1.195,0.45,0.57
0.155,1.1935,0.45,0.57
0.14,1.0635,0.445,0.57
0.17,0.9035,0.46,0.57
0.16,1.114,0.475,0.575
0.15,1.012,0.455,0.58
0.13,1.1335,0.49,0.58
0.155,1.136,0.465,0.59
0.16,1.206,0.47,0.59
0.165,1.213,0.475,0.595
0.15,1.044,0.455,0.595
0.155,1.161,0.475,0.605
0.165,1.2315,0.47,0.605
0.15,1.1625,0.47,0.61
0.155,1.168,0.475,0.61
0.175,1.3325,0.49,0.625
0.155,1.278,0.485,0.63
0.15,1.1785,0.48,0.63
0.175,1.375,0.49,0.635
0.185,1.4065,0.525,0.635
0.155,1.4025,0.505,0.64
0.175,1.636,0.52,0.645
0.175,1.561,0.52,0.645
0.175,1.3385,0.5,0.645
0.16,1.304,0.495,0.65
0.21,1.6785,0.52,0.65
0.185,1.622,0.525,0.65
0.19,1.5905,0.535,0.66
0.195,1.6275,0.495,0.66
0.165,1.6085,0.525,0.67
0.185,1.607,0.535,0.68
0.175,1.7005,0.525,0.69
0.2,1.872,0.505,0.69
0.205,2.198,0.565,0.71
0.175,1.9525,0.565,0.715
0.22,2.302,0.6,0.765
0.12,0.397,0.335,0.43
0.105,0.544,0.36,0.47
0.125,0.5225,0.465,0.49
0.125,0.5215,0.39,0.5
0.145,0.7765,0.4,0.52
0.12,0.7555,0.405,0.525
0.135,0.7835,0.39,0.545
0.12,0.793,0.41,0.545
0.14,0.82,0.415,0.545
0.15,0.8315,0.425,0.55
0.145,0.8995,0.43,0.56
0.16,0.8965,0.445,0.56
0.145,0.852,0.415,0.56
0.15,0.9595,0.455,0.565
0.15,0.99,0.435,0.565
0.15,1.0375,0.46,0.57
0.14,0.8455,0.435,0.575
0.135,0.907,0.455,0.575
0.17,1.0225,0.445,0.575
0.145,0.847,0.445,0.575
0.15,1.114,0.455,0.58
0.195,1.859,0.455,0.58
0.135,0.814,0.445,0.58
0.14,0.9615,0.45,0.58
0.145,1.0025,0.45,0.58
0.145,0.9335,0.46,0.585
0.16,0.9555,0.465,0.585
0.15,0.9955,0.47,0.59
0.17,1.1915,0.455,0.6
0.155,1.0165,0.465,0.6
0.14,1.1175,0.475,0.605
0.17,1.1835,0.48,0.605
0.16,1.0145,0.485,0.61
0.145,1.3305,0.485,0.61
0.165,1.052,0.47,0.61
0.17,1.0565,0.46,0.615
0.135,1.0195,0.47,0.62
0.2,0.858,0.45,0.62
0.185,1.2065,0.48,0.625
0.155,1.1325,0.47,0.63
0.175,1.2645,0.5,0.63
0.165,1.369,0.515,0.64
0.195,1.39,0.53,0.645
0.155,1.202,0.5,0.65
0.16,1.31,0.515,0.655
0.16,1.363,0.525,0.665
0.165,1.519,0.52,0.685
0.21,1.583,0.53,0.69
0.185,1.74,0.56,0.695
0.18,1.751,0.565,0.7
0.19,2.273,0.575,0.7
0.19,2.0045,0.55,0.715
0.19,1.6755,0.535,0.715
0.145,1.187,0.565,0.72
0.185,1.978,0.505,0.725
0.185,2.124,0.585,0.735
0.215,1.931,0.565,0.745
0.205,2.0065,0.58,0.755
0.12,0.553,0.395,0.495
0.135,0.6765,0.42,0.5
0.155,0.842,0.42,0.525
0.15,0.717,0.435,0.535
0.15,0.8745,0.43,0.55
0.14,0.8705,0.44,0.555
0.15,0.796,0.445,0.565
0.125,0.744,0.39,0.565
0.17,0.873,0.435,0.57
0.125,0.8965,0.435,0.57
0.155,0.892,0.46,0.575
0.155,1.4395,0.46,0.58
0.135,0.7955,0.455,0.58
0.155,0.9145,0.465,0.585
0.185,1.171,0.49,0.585
0.165,1.1135,0.46,0.585
0.165,1.409,0.47,0.585
0.15,1.065,0.475,0.585
0.18,0.7995,0.45,0.585
0.18,1.187,0.47,0.59
0.155,0.8855,0.455,0.59
0.17,1.1315,0.475,0.6
0.155,1.014,0.48,0.6
0.155,0.9595,0.46,0.6
0.14,0.9755,0.49,0.605
0.15,0.871,0.45,0.61
0.165,1.244,0.48,0.61
0.17,1.0265,0.475,0.61
0.17,1.137,0.48,0.61
0.16,1,0.46,0.61
0.165,1.128,0.47,0.615
0.17,1.054,0.5,0.615
0.17,1.129,0.475,0.615
0.175,1.118,0.48,0.615
0.175,1.2815,0.51,0.62
0.18,1.2555,0.495,0.62
0.17,1.082,0.455,0.625
0.145,1.062,0.485,0.63
0.16,1.093,0.495,0.63
0.16,1.101,0.49,0.635
0.17,1.1935,0.475,0.635
0.155,0.986,0.51,0.635
0.23,1.521,0.565,0.64
0.18,1.3135,0.525,0.64
0.16,1.1835,0.51,0.645
0.195,1.401,0.5,0.645
0.16,1.5075,0.525,0.645
0.175,1.5365,0.525,0.65
0.19,1.542,0.51,0.65
0.205,1.6445,0.535,0.655
0.175,1.3585,0.49,0.655
0.185,1.7375,0.545,0.675
0.205,1.7925,0.545,0.685
0.515,2.21,0.565,0.705
0.215,2.141,0.555,0.705
0.215,2.173,0.575,0.72
0.115,0.3895,0.315,0.415
0.12,0.4565,0.32,0.44
0.125,0.4475,0.335,0.45
0.125,0.649,0.37,0.475
0.085,0.6435,0.39,0.485
0.13,0.526,0.37,0.485
0.105,0.5525,0.385,0.505
0.145,0.9365,0.425,0.515
0.125,0.559,0.4,0.52
0.14,0.7205,0.4,0.525
0.125,0.7575,0.4,0.53
0.16,0.793,0.425,0.55
0.15,0.9875,0.445,0.57
0.15,1.08,0.465,0.575
0.165,0.9155,0.46,0.575
0.15,0.906,0.455,0.585
0.15,0.8725,0.44,0.59
0.155,0.945,0.455,0.6
0.2,1.259,0.465,0.6
0.155,1.049,0.485,0.62
0.165,1.0725,0.48,0.62
0.175,1.4105,0.52,0.625
0.18,1.136,0.47,0.625
0.145,1.1005,0.47,0.63
0.15,1.1315,0.455,0.63
0.15,1.271,0.48,0.63
0.185,1.308,0.51,0.635
0.155,1.539,0.51,0.645
0.175,1.466,0.515,0.65
0.14,1.175,0.485,0.65
0.215,1.7835,0.51,0.655
0.165,1.374,0.505,0.66
0.2,1.7025,0.545,0.67
0.175,1.5265,0.51,0.67
0.19,1.519,0.5,0.67
0.17,1.6115,0.515,0.68
0.2,1.7825,0.525,0.69
0.2,1.858,0.555,0.7
0.165,1.675,0.56,0.705
0.2,2.1055,0.565,0.72
0.24,2.21,0.575,0.725
0.18,1.8725,0.57,0.74
0.18,1.893,0.55,0.75
0.1,0.4285,0.36,0.475
0.16,0.464,0.355,0.48
0.145,0.845,0.415,0.525
0.155,0.707,0.4,0.525
0.14,0.972,0.455,0.54
0.14,0.7625,0.435,0.55
0.135,0.849,0.425,0.56
0.125,0.802,0.44,0.565
0.15,0.831,0.43,0.565
0.14,0.795,0.45,0.57
0.165,0.867,0.455,0.575
0.185,0.985,0.47,0.575
0.16,0.839,0.445,0.575
0.16,0.9615,0.44,0.575
0.155,1.0335,0.46,0.58
0.13,0.798,0.43,0.58
0.165,1.207,0.49,0.59
0.14,0.838,0.45,0.595
0.145,0.959,0.45,0.595
0.165,0.9165,0.48,0.6
0.165,1.059,0.47,0.6
0.16,1.194,0.47,0.6
0.145,0.884,0.475,0.605
0.155,0.983,0.475,0.61
0.16,1.022,0.47,0.61
0.17,1.1185,0.47,0.61
0.16,1.0175,0.47,0.615
0.175,1.224,0.475,0.615
0.175,1.221,0.515,0.62
0.15,1.266,0.48,0.62
0.165,1.1165,0.49,0.625
0.16,1.0845,0.475,0.625
0.17,1.0985,0.5,0.625
0.17,1.0915,0.505,0.63
0.17,1.1745,0.49,0.63
0.165,1.233,0.485,0.63
0.175,1.2695,0.495,0.63
0.17,1.4345,0.5,0.635
0.18,1.247,0.515,0.64
0.185,1.707,0.525,0.64
0.15,1.1605,0.505,0.645
0.175,1.286,0.5,0.645
0.19,1.5595,0.5,0.645
0.19,1.4745,0.51,0.645
0.195,1.226,0.51,0.645
0.16,1.33,0.51,0.645
0.175,1.3375,0.5,0.645
0.15,1.2215,0.485,0.645
0.19,1.274,0.505,0.65
0.185,1.488,0.525,0.65
0.16,1.3835,0.51,0.65
0.18,1.274,0.55,0.655
0.165,1.3195,0.5,0.66
0.195,1.5505,0.53,0.66
0.165,1.6375,0.51,0.66
0.175,1.443,0.525,0.665
0.16,1.289,0.505,0.665
0.175,1.3725,0.52,0.665
0.175,1.2975,0.5,0.665
0.16,1.2585,0.505,0.67
0.165,1.39,0.52,0.67
0.16,1.2835,0.525,0.675
0.195,1.4535,0.52,0.68
0.15,1.3735,0.52,0.685
0.175,1.8565,0.565,0.7
0.215,2.009,0.575,0.71
0.22,2.015,0.56,0.71
0.2,1.8275,0.57,0.72
0.205,2.125,0.55,0.72
0.215,1.747,0.59,0.735
0.205,2.2205,0.595,0.75
0.195,2.5155,0.62,0.77
0.25,2.7795,0.63,0.775
0.125,0.564,0.28,0.39
0.12,0.414,0.32,0.445
0.115,0.5795,0.36,0.465
0.155,0.968,0.37,0.485
0.15,1.0615,0.37,0.5
0.155,0.9225,0.35,0.515
0.135,1.007,0.395,0.515
0.17,0.9605,0.365,0.525
0.125,0.65,0.38,0.525
0.14,0.7545,0.41,0.53
0.16,1.3405,0.42,0.55
0.175,1.02,0.455,0.57
0.185,1.025,0.44,0.575
0.145,0.953,0.455,0.585
0.175,1.3005,0.495,0.6
0.165,1.038,0.465,0.6
0.175,1.2525,0.475,0.605
0.15,1.15,0.475,0.605
0.145,1.0865,0.47,0.62
0.175,1.254,0.495,0.625
0.185,1.169,0.49,0.625
0.195,1.172,0.495,0.635
0.16,1.3815,0.5,0.645
0.19,1.6125,0.525,0.65
0.16,1.7395,0.485,0.65
0.19,1.4245,0.545,0.655
0.19,1.726,0.53,0.695
0.18,1.5865,0.56,0.72
0.21,2.069,0.575,0.73
0.11,0.5785,0.385,0.515
0.14,0.7495,0.435,0.555
0.125,0.599,0.41,0.555
0.13,0.7075,0.4,0.555
0.135,0.837,0.455,0.555
0.125,0.667,0.415,0.565
0.155,0.9355,0.455,0.565
0.16,0.895,0.45,0.565
0.155,1.0005,0.46,0.57
0.155,0.832,0.455,0.57
0.175,0.9415,0.44,0.57
0.13,0.88,0.415,0.57
0.13,0.785,0.45,0.575
0.155,0.9765,0.45,0.575
0.135,0.992,0.435,0.575
0.155,1.013,0.455,0.575
0.145,0.876,0.445,0.575
0.145,0.857,0.475,0.575
0.15,1.0465,0.44,0.58
0.16,0.8295,0.44,0.58
0.15,0.886,0.455,0.595
0.17,1.1805,0.46,0.6
0.15,0.99,0.475,0.6
0.18,1.1155,0.47,0.605
0.14,1.031,0.48,0.61
0.145,1.0285,0.47,0.615
0.15,1.0875,0.47,0.615
0.2,1.219,0.495,0.615
0.16,1.035,0.49,0.62
0.15,1.195,0.49,0.62
0.195,1.5145,0.495,0.62
0.15,1.309,0.47,0.62
0.155,1.0295,0.485,0.62
0.155,1.0485,0.495,0.625
0.17,1.331,0.515,0.625
0.185,1.1565,0.505,0.625
0.155,1.2525,0.49,0.63
0.16,1.195,0.525,0.635
0.165,1.273,0.5,0.635
0.165,1.229,0.515,0.635
0.165,1.1895,0.53,0.64
0.155,1.1285,0.49,0.64
0.175,1.32,0.49,0.645
0.17,1.1445,0.52,0.655
0.175,1.218,0.51,0.66
0.2,1.2695,0.515,0.665
0.18,1.429,0.525,0.665
0.15,1.312,0.515,0.675
0.19,1.623,0.54,0.68
0.155,1.534,0.54,0.68
0.155,1.3845,0.535,0.685
0.18,1.6915,0.55,0.69
0.185,1.5715,0.545,0.695
0.175,1.4405,0.55,0.7
0.195,1.6245,0.55,0.7
0.19,2.081,0.565,0.72
0.215,2.173,0.605,0.76
0.105,0.4955,0.33,0.45
0.135,0.522,0.365,0.47
0.12,0.653,0.39,0.505
0.135,0.5915,0.395,0.505
0.115,0.4825,0.385,0.505
0.14,0.6335,0.4,0.515
0.13,0.6875,0.41,0.525
0.14,0.8395,0.44,0.545
0.145,0.9255,0.445,0.565
0.16,1.063,0.46,0.58
0.165,1.115,0.465,0.59
0.14,0.982,0.445,0.605
0.16,1.112,0.49,0.61
0.195,1.5655,0.515,0.66
0.13,0.4655,0.35,0.45
0.12,0.4935,0.345,0.46
0.11,0.4595,0.345,0.46
0.11,0.4955,0.36,0.465
0.135,0.617,0.39,0.485
0.135,0.7815,0.39,0.5
0.13,0.6435,0.385,0.505
0.1,0.5115,0.385,0.525
0.125,0.738,0.42,0.535
0.13,0.8705,0.41,0.55
0.12,0.8685,0.45,0.58
0.15,0.919,0.465,0.595
0.165,1.2435,0.48,0.61
0.15,1.2095,0.495,0.645
0.14,1.238,0.5,0.65
0.2,1.7725,0.55,0.685
0.22,1.914,0.585,0.72
0.22,2.032,0.57,0.775
0.13,0.7455,0.425,0.53
0.1,0.3355,0.3,0.415
0.145,0.651,0.39,0.5
0.08,0.361,0.33,0.425
0.1,0.4775,0.35,0.47
0.155,0.66,0.38,0.5
0.1,0.276,0.29,0.375
0.185,1.04,0.48,0.585
0.155,1.041,0.455,0.595
0.225,2.1835,0.535,0.665
0.17,1.2105,0.49,0.62
0.13,0.7185,0.405,0.525
0.1,0.3295,0.325,0.425
0.095,0.335,0.295,0.385
0.115,0.4265,0.375,0.47
0.175,1.1505,0.51,0.62
0.15,0.8915,0.47,0.595
0.14,0.97,0.455,0.585
0.08,0.18,0.24,0.32
0.11,0.4585,0.35,0.44
0.1,0.7145,0.425,0.565
0.205,1.496,0.53,0.68
0.105,0.4665,0.37,0.47
0.105,0.401,0.35,0.455
0.12,0.5205,0.35,0.465
0.135,0.4935,0.375,0.46
0.09,0.3245,0.31,0.415
0.07,0.106,0.195,0.27
0.11,0.4415,0.355,0.445
0.135,0.879,0.44,0.55
0.165,1.2275,0.46,0.58
0.165,1.2715,0.5,0.61
0.175,1.806,0.495,0.62
0.195,0.8085,0.42,0.56
0.2,1.8465,0.55,0.69
0.09,0.3245,0.305,0.375
0.085,0.1545,0.235,0.335
0.075,0.1185,0.21,0.285
0.125,0.799,0.465,0.595
0.185,0.925,0.45,0.575
0.165,0.9195,0.42,0.535
0.16,0.9295,0.43,0.55
0.155,0.8085,0.4,0.495
0.12,0.4475,0.34,0.445
0.135,0.6335,0.385,0.495
0.135,0.547,0.37,0.47
0.165,0.927,0.47,0.58
0.185,1.4935,0.495,0.645
0.16,0.9245,0.405,0.57
0.19,1.36,0.48,0.615
0.105,0.43,0.345,0.42
0.115,0.4215,0.34,0.42
0.2,1.6305,0.505,0.66
0.195,1.142,0.47,0.565
0.23,1.539,0.51,0.63
0.15,0.853,0.39,0.495
0.175,1.035,0.465,0.58
0.155,0.857,0.475,0.59
0.095,0.2225,0.28,0.37
0.165,0.7575,0.43,0.555
0.17,1.0965,0.475,0.595
0.175,1.229,0.48,0.6
0.19,1.171,0.465,0.585
0.125,0.388,0.315,0.415
0.13,0.5265,0.36,0.465
0.14,0.5105,0.375,0.46
0.09,0.2225,0.27,0.36
0.2,1.5455,0.59,0.655
0.175,1.2675,0.485,0.6
0.18,1.793,0.495,0.65
0.145,0.6185,0.395,0.51
0.135,0.5825,0.38,0.52
0.165,0.7485,0.415,0.495
0.115,0.406,0.335,0.43
0.175,0.869,0.46,0.55
0.16,0.955,0.43,0.585
0.16,0.8615,0.45,0.57
0.21,1.598,0.51,0.635
0.2,2.033,0.57,0.695
0.185,1.259,0.525,0.655
0.13,0.7175,0.405,0.51
0.135,0.7575,0.405,0.525
0.13,0.487,0.375,0.44
0.12,0.563,0.375,0.475
0.12,0.702,0.425,0.525
0.12,0.578,0.36,0.475
0.13,0.5735,0.375,0.46
0.135,1.008,0.49,0.59
0.13,0.515,0.355,0.455
0.13,0.5795,0.375,0.47
0.11,0.2965,0.265,0.35
0.145,0.991,0.47,0.595
0.15,0.805,0.435,0.575
0.155,0.8915,0.435,0.535
0.14,0.769,0.42,0.515
0.135,0.5545,0.395,0.49
0.135,0.7365,0.435,0.53
0.115,0.3045,0.345,0.43
0.135,0.592,0.395,0.475
0.155,0.906,0.46,0.59
0.22,1.5515,0.55,0.695
0.15,1.103,0.49,0.61
0.165,0.86,0.455,0.56
0.195,1.62,0.485,0.655
0.2,1.407,0.52,0.64
0.17,1.247,0.55,0.67
0.13,0.764,0.4,0.505
0.165,0.8645,0.43,0.525
0.16,0.9455,0.475,0.59
0.19,1.3185,0.53,0.7
0.15,1.081,0.495,0.635
0.135,0.9025,0.44,0.555
0.15,1.1415,0.47,0.575
0.125,1.027,0.455,0.585
0.155,0.7895,0.45,0.55
0.195,1.0295,0.475,0.57
0.23,1.885,0.57,0.695
0.16,1.2425,0.545,0.65
0.05,0.023,0.125,0.18
0.09,0.2065,0.275,0.34
0.04,0.0305,0.135,0.175
0.025,0.024,0.115,0.155
0.125,0.4495,0.34,0.42
0.09,0.241,0.29,0.37
0.09,0.197,0.25,0.33
0.08,0.1295,0.225,0.29
0.095,0.15,0.245,0.31
0.105,0.287,0.315,0.4
0.125,0.3525,0.315,0.425
0.06,0.12,0.235,0.31
0.085,0.2145,0.255,0.35
0.065,0.096,0.2,0.26
0.075,0.0945,0.19,0.26
0.095,0.213,0.255,0.34
0.16,0.8175,0.4,0.515
0.125,0.5255,0.355,0.465
0.17,0.879,0.415,0.54
0.125,0.4625,0.355,0.475
0.14,0.528,0.355,0.5
0.135,0.5835,0.38,0.5
0.09,0.198,0.26,0.35
0.105,0.282,0.305,0.395
0.14,0.5905,0.35,0.445
0.08,0.413,0.325,0.44
0.14,0.8505,0.405,0.515
0.13,0.709,0.39,0.5
0.12,0.3755,0.325,0.425
0.14,0.8185,0.415,0.51
0.13,0.8245,0.415,0.54
0.17,1.1825,0.475,0.615
0.175,1.122,0.44,0.565
0.175,1.6115,0.515,0.645
0.145,1.3,0.49,0.605
0.155,1.489,0.485,0.645
0.155,1.008,0.42,0.57
0.095,0.271,0.285,0.39
0.165,0.8565,0.4,0.52
0.135,0.6105,0.36,0.46
0.145,0.7615,0.385,0.5
0.135,0.592,0.39,0.49
0.115,0.39,0.325,0.44
0.13,0.2935,0.305,0.4
0.16,0.567,0.36,0.45
0.155,0.8415,0.4,0.505
0.14,0.7775,0.4,0.495
0.145,0.989,0.41,0.54
0.11,0.5,0.375,0.465
0.135,0.6315,0.37,0.48
0.13,0.7715,0.4,0.5
0.19,0.872,0.425,0.525
0.12,0.8115,0.42,0.54
0.15,0.8795,0.45,0.545
0.18,1.145,0.46,0.58
0.16,1.09,0.455,0.59
0.16,1.262,0.48,0.59
0.185,1.185,0.49,0.595
0.175,1.201,0.475,0.605
0.185,1.362,0.5,0.63
0.195,1.647,0.585,0.64
0.2,1.791,0.535,0.66
0.105,0.486,0.34,0.465
0.1,0.5135,0.37,0.48
0.145,0.6215,0.375,0.5
0.12,0.646,0.395,0.515
0.135,0.7945,0.415,0.525
0.125,0.812,0.425,0.525
0.14,0.681,0.41,0.53
0.14,0.7345,0.435,0.54
0.155,0.948,0.45,0.575
0.14,1.046,0.465,0.59
0.15,1.247,0.46,0.6
0.15,1.1495,0.48,0.61
0.155,1.2,0.47,0.615
0.17,1.3555,0.48,0.625
0.165,1.286,0.48,0.63
0.16,1.251,0.49,0.645
0.175,1.5105,0.5,0.645
0.19,1.6385,0.52,0.67
0.185,1.71,0.54,0.69
0.175,1.742,0.525,0.695
0.18,2.398,0.585,0.765
0.215,2.1945,0.6,0.77
0.11,0.554,0.38,0.49
0.12,0.5765,0.38,0.5
0.135,0.723,0.4,0.505
0.145,0.778,0.42,0.545
0.12,0.7865,0.42,0.545
0.13,0.784,0.43,0.565
0.135,1.02,0.45,0.57
0.13,0.852,0.455,0.58
0.15,0.861,0.47,0.59
0.14,1.004,0.46,0.59
0.165,1.108,0.47,0.595
0.14,0.852,0.46,0.595
0.21,1.9875,0.49,0.6
0.15,1.198,0.45,0.615
0.175,1.103,0.475,0.615
0.155,1.1,0.49,0.62
0.15,1.1015,0.48,0.62
0.185,1.3835,0.495,0.625
0.145,1.085,0.48,0.625
0.15,1.3165,0.505,0.63
0.175,1.3415,0.51,0.63
0.15,1.027,0.465,0.63
0.16,1.1845,0.515,0.645
0.15,1.192,0.48,0.645
0.125,1.1805,0.515,0.65
0.175,1.2655,0.52,0.65
0.155,1.407,0.51,0.65
0.165,1.4465,0.515,0.66
0.2,1.269,0.5,0.67
0.18,1.68,0.51,0.67
0.165,1.4775,0.52,0.68
0.18,1.529,0.53,0.68
0.175,1.7585,0.525,0.7
0.2,1.523,0.55,0.7
0.2,1.51,0.55,0.725
0.175,1.88,0.57,0.735
0.215,2.201,0.555,0.75
0.115,0.4305,0.325,0.45
0.12,0.5895,0.375,0.48
0.14,0.7355,0.41,0.515
0.155,0.7845,0.43,0.535
0.175,1.2255,0.44,0.58
0.165,0.885,0.465,0.585
0.145,0.9235,0.47,0.59
0.14,0.977,0.475,0.59
0.14,1.0305,0.475,0.595
0.09,1.05,0.48,0.6
0.185,1.1145,0.495,0.6
0.145,0.877,0.45,0.6
0.185,1.285,0.51,0.6
0.185,1.3065,0.48,0.61
0.14,1.096,0.5,0.625
0.165,1.205,0.49,0.625
0.175,1.221,0.505,0.63
0.15,1.1355,0.47,0.63
0.195,1.3135,0.525,0.63
0.155,1.1955,0.505,0.64
0.15,1.098,0.485,0.64
0.17,1.139,0.495,0.64
0.08,1.042,0.515,0.64
0.155,1.368,0.52,0.65
0.175,1.446,0.51,0.65
0.205,1.74,0.54,0.7
0.2,1.601,0.565,0.71
0.205,2.165,0.55,0.72
0.19,2.3305,0.57,0.725
0.13,0.5945,0.365,0.5
0.105,0.872,0.4,0.52
0.14,0.818,0.405,0.535
0.14,0.8745,0.42,0.57
0.16,0.984,0.445,0.58
0.155,1.1735,0.47,0.59
0.155,1.0785,0.485,0.59
0.16,1.057,0.435,0.595
0.175,1.11,0.475,0.6
0.16,1.142,0.45,0.6
0.19,1.1255,0.475,0.605
0.175,1.3405,0.475,0.625
0.13,1.082,0.5,0.625
0.165,1.2005,0.49,0.63
0.16,1.243,0.485,0.63
0.19,1.6385,0.515,0.665
0.195,1.691,0.54,0.695
0.21,2.2355,0.57,0.735
0.19,2.3235,0.595,0.74
0.115,0.521,0.365,0.505
0.15,0.9505,0.465,0.52
0.15,0.8315,0.405,0.53
0.165,0.9655,0.45,0.575
0.15,0.9065,0.465,0.58
0.15,1.049,0.46,0.58
0.15,0.9525,0.445,0.58
0.15,1.142,0.5,0.59
0.155,1.2015,0.47,0.595
0.17,1.1295,0.46,0.595
0.195,1.34,0.45,0.6
0.165,1.0475,0.465,0.6
0.18,1.167,0.49,0.605
0.14,1.0625,0.48,0.61
0.15,0.9335,0.455,0.615
0.195,1.3585,0.475,0.62
0.175,1.2075,0.495,0.625
0.165,1.217,0.515,0.625
0.12,0.8765,0.49,0.625
0.18,1.2795,0.53,0.63
0.17,1.1885,0.51,0.63
0.175,1.292,0.52,0.635
0.18,1.1795,0.485,0.635
0.16,1.2075,0.515,0.635
0.18,1.297,0.505,0.64
0.175,1.4585,0.575,0.64
0.19,1.539,0.495,0.645
0.195,1.676,0.52,0.65
0.17,1.4005,0.525,0.67
0.195,1.4405,0.525,0.67
0.175,1.482,0.54,0.67
0.16,1.2345,0.515,0.68
0.19,1.533,0.505,0.685
0.18,1.8445,0.515,0.69
0.175,1.825,0.55,0.715
0.19,2.0885,0.58,0.72
0.205,2.087,0.59,0.735
0.2,1.884,0.575,0.745
0.155,1.029,0.365,0.485
0.155,0.981,0.355,0.49
0.175,1.2705,0.405,0.535
0.19,1.406,0.405,0.555
0.15,0.873,0.425,0.555
0.135,0.9415,0.425,0.56
0.15,1.0835,0.485,0.595
0.175,1.024,0.475,0.61
0.17,1.281,0.485,0.61
0.16,1.006,0.485,0.64
0.165,1.307,0.495,0.64
0.185,1.463,0.505,0.645
0.21,1.7885,0.54,0.68
0.185,1.6135,0.545,0.7
0.225,2.2305,0.585,0.73
0.12,0.6835,0.41,0.535
0.19,0.6855,0.42,0.54
0.145,0.894,0.45,0.56
0.145,0.95,0.45,0.57
0.15,0.9785,0.47,0.575
0.14,0.737,0.445,0.575
0.175,1.1275,0.45,0.585
0.165,0.9765,0.435,0.59
0.15,0.853,0.405,0.59
0.175,0.991,0.47,0.595
0.14,0.9125,0.48,0.595
0.15,0.8665,0.45,0.6
0.215,0.9615,0.485,0.615
0.17,1.145,0.49,0.615
0.175,1.1955,0.515,0.63
0.18,1.31,0.495,0.63
0.18,1.154,0.5,0.635
0.17,1.5595,0.505,0.65
0.175,1.3165,0.51,0.65
0.165,1.403,0.54,0.655
0.155,1.3575,0.525,0.665
0.145,1.3645,0.52,0.675
0.165,1.545,0.51,0.685
0.175,1.724,0.56,0.71
0.11,0.458,0.35,0.455
0.14,0.491,0.355,0.46
0.12,0.474,0.38,0.495
0.125,0.5805,0.395,0.51
0.13,0.622,0.4,0.525
0.12,0.706,0.415,0.53
0.145,0.9385,0.435,0.545
0.15,0.9465,0.48,0.575
0.125,0.9115,0.43,0.58
0.145,0.942,0.455,0.595
0.18,1.193,0.465,0.6
0.18,1.461,0.5,0.645
0.2,1.489,0.525,0.66
0.135,0.7775,0.405,0.465
0.145,0.751,0.415,0.51
0.15,0.8755,0.42,0.56
0.135,0.9215,0.45,0.575
0.15,1.206,0.46,0.585
0.155,1.2865,0.495,0.615
0.165,1.1735,0.515,0.67
0.16,1.532,0.505,0.675
0.125,0.547,0.36,0.46
0.125,0.5165,0.35,0.46
0.125,0.764,0.42,0.535
0.105,0.488,0.36,0.465
0.14,0.6905,0.4,0.51
0.16,0.97,0.425,0.55
0.17,0.8465,0.42,0.55
0.15,1.047,0.45,0.585
0.1,0.4085,0.335,0.425
0.13,0.56,0.41,0.54
0.125,0.635,0.395,0.505
0.165,0.875,0.44,0.535
0.11,0.806,0.435,0.55
0.14,1.194,0.49,0.64
0.155,1.153,0.49,0.605
0.115,1.114,0.47,0.605
0.155,0.9125,0.45,0.56
0.16,0.792,0.405,0.525
0.09,0.2265,0.265,0.35
0.12,0.3955,0.355,0.45
0.1,0.2505,0.3,0.38
0.135,0.551,0.385,0.5
0.165,1.307,0.505,0.645
0.115,0.9185,0.44,0.565
0.23,2.2695,0.575,0.72
0.15,0.9235,0.405,0.55
0.18,1.3315,0.515,0.65
0.185,1.032,0.435,0.565
0.14,0.478,0.335,0.45
0.095,0.1975,0.265,0.335
0.14,1.0055,0.45,0.565
0.19,1.4985,0.51,0.63
0.12,0.388,0.34,0.425
0.175,1.402,0.525,0.675
0.145,0.6025,0.4,0.5
0.09,0.2775,0.305,0.385
0.195,0.973,0.435,0.52
0.175,0.753,0.415,0.52
0.2,1.3765,0.525,0.64
0.15,0.96,0.455,0.57
0.12,0.3745,0.325,0.41
0.15,0.696,0.41,0.485
0.155,1.383,0.535,0.665
0.155,1.156,0.51,0.635
0.15,1.477,0.53,0.695
0.135,0.858,0.435,0.555
0.19,1.4995,0.525,0.65
0.19,1.467,0.48,0.635
0.16,0.906,0.435,0.55
0.165,1.06,0.5,0.595
0.09,0.161,0.24,0.3
0.13,0.6175,0.38,0.48
0.11,0.655,0.385,0.505
0.125,0.484,0.375,0.455
0.165,1.4435,0.505,0.64
0.115,0.9085,0.45,0.565
0.135,0.528,0.38,0.48
0.125,0.3595,0.31,0.41
0.155,0.7735,0.425,0.52
0.125,0.4365,0.36,0.465
0.11,0.415,0.355,0.46
0.125,0.4775,0.385,0.485
0.16,0.6445,0.415,0.525
0.185,1.6195,0.54,0.69
0.17,0.81,0.45,0.55
0.155,0.868,0.44,0.565
0.13,0.7085,0.46,0.55
0.16,0.72,0.42,0.535
0.13,0.738,0.405,0.53
0.185,1.156,0.455,0.575
0.12,0.7485,0.45,0.59
0.19,1.229,0.5,0.645
0.175,1.145,0.485,0.605
0.08,0.099,0.2,0.275
0.11,0.314,0.31,0.4
0.09,0.195,0.26,0.35
0.14,0.451,0.35,0.44
0.065,0.084,0.2,0.265
0.04,0.0245,0.125,0.165
0.09,0.163,0.265,0.345
0.095,0.34,0.33,0.43
0.1,0.3005,0.32,0.415
0.075,0.106,0.215,0.285
0.095,0.306,0.315,0.41
0.1,0.301,0.3,0.41
0.085,0.171,0.245,0.33
0.065,0.0905,0.21,0.28
0.125,0.44,0.345,0.455
0.09,0.163,0.235,0.33
0.155,0.9715,0.405,0.54
0.075,0.1635,0.255,0.335
0.165,0.9955,0.435,0.545
0.12,0.6605,0.4,0.495
0.13,0.721,0.375,0.5
0.125,0.955,0.4,0.515
0.145,0.873,0.41,0.545
0.185,1.65,0.535,0.74
0.15,1.1285,0.465,0.565
0.16,1.1115,0.44,0.56
0.125,0.9745,0.42,0.545
0.185,1.4605,0.515,0.645
0.13,1.0105,0.435,0.575
0.16,1.0765,0.48,0.62
0.16,1.616,0.475,0.605
0.085,0.2205,0.285,0.365
0.135,0.879,0.43,0.53
0.15,0.6815,0.395,0.48
0.15,0.5795,0.345,0.455
0.105,0.224,0.28,0.37
0.12,0.674,0.395,0.49
0.14,0.9,0.45,0.56
0.15,1.0165,0.46,0.58
0.135,1.1685,0.47,0.59
0.15,1.089,0.475,0.6
0.155,1.0325,0.47,0.61
0.17,1.3715,0.51,0.64
0.2,1.9045,0.55,0.71
0.2,2.4925,0.605,0.74
0.13,0.643,0.37,0.48
0.12,0.6435,0.39,0.52
0.125,0.8115,0.395,0.52
0.155,0.9155,0.44,0.55
0.155,1.1385,0.475,0.6
0.19,1.403,0.505,0.615
0.165,1.1325,0.485,0.62
0.17,1.437,0.485,0.625
0.155,1.3635,0.495,0.635
0.17,1.4545,0.5,0.64
0.18,1.478,0.525,0.66
0.2,1.787,0.565,0.72
0.16,0.7465,0.42,0.535
0.16,0.985,0.44,0.55
0.145,0.85,0.44,0.555
0.15,0.838,0.44,0.555
0.13,0.7615,0.415,0.56
0.145,0.87,0.44,0.575
0.145,0.929,0.46,0.59
0.145,0.939,0.41,0.6
0.16,1.164,0.475,0.6
0.175,1.214,0.47,0.61
0.18,1.0815,0.495,0.625
0.175,1.179,0.47,0.625
0.18,1.469,0.505,0.65
0.18,1.492,0.52,0.655
0.18,1.6615,0.525,0.67
0.195,1.348,0.57,0.71
0.18,1.7405,0.545,0.715
0.11,0.4385,0.335,0.435
0.115,0.5585,0.39,0.505
0.135,0.78,0.415,0.535
0.155,1.186,0.47,0.57
0.155,0.886,0.45,0.575
0.165,1.041,0.47,0.58
0.15,0.928,0.47,0.6
0.23,1.157,0.475,0.6
0.16,1.1415,0.48,0.625
0.165,1.1835,0.49,0.625
0.16,1.2135,0.485,0.625
0.17,1.3695,0.495,0.635
0.185,1.3745,0.515,0.65
0.18,1.463,0.515,0.65
0.16,1.46,0.525,0.655
0.2,1.6465,0.515,0.66
0.145,1.265,0.515,0.675
0.17,1.56,0.53,0.685
0.18,1.6,0.52,0.715
0.22,2.333,0.555,0.735
0.14,0.678,0.39,0.515
0.155,0.8035,0.43,0.545
0.16,0.8675,0.45,0.58
0.18,1.14,0.46,0.6
0.155,1.0735,0.475,0.615
0.19,1.4335,0.475,0.615
0.2,1.304,0.495,0.615
0.16,0.9505,0.46,0.62
0.17,1.385,0.515,0.63
0.165,1.27,0.505,0.655
0.175,1.583,0.53,0.66
0.19,1.5955,0.53,0.69
0.2,1.89,0.525,0.715
0.125,0.769,0.41,0.53
0.14,0.7315,0.405,0.535
0.14,0.737,0.41,0.545
0.135,0.9895,0.465,0.59
0.16,1.012,0.47,0.6
0.165,1.1245,0.49,0.605
0.19,1.0805,0.45,0.61
0.175,1.242,0.47,0.615
0.18,1.3915,0.5,0.62
0.155,1.085,0.525,0.62
0.165,1.0855,0.48,0.62
0.175,1.273,0.5,0.64
0.19,1.4865,0.51,0.645
0.17,1.3655,0.52,0.65
0.17,1.276,0.495,0.65
0.16,1.2075,0.495,0.65
0.205,1.4275,0.525,0.65
0.175,1.155,0.51,0.65